DatasetName,GroupName,DatasetAttributes,DatasetValue,Shape,Datatype
/AwakeEventData/BLMITT41/Acquisition/acqDesc,/AwakeEventData/BLMITT41/Acquisition,,5,"(1,)",|S1
/AwakeEventData/BLMITT41/Acquisition/acqMsg,/AwakeEventData/BLMITT41/Acquisition,,5,"(1,)",|S1
/AwakeEventData/BLMITT41/Acquisition/acqState,/AwakeEventData/BLMITT41/Acquisition,,1,"(1,)",int32
/AwakeEventData/BLMITT41/Acquisition/acqTime,/AwakeEventData/BLMITT41/Acquisition,,0,"(1,)",int32
/AwakeEventData/BLMITT41/Acquisition/calLosses_unit,/AwakeEventData/BLMITT41/Acquisition,,GRAY,"(1,)",|S4
/AwakeEventData/BLMITT41/Acquisition/calLosses_unitExponent,/AwakeEventData/BLMITT41/Acquisition,,0,"(1,)",int32
/AwakeEventData/BLMITT41/Acquisition/deviceName,/AwakeEventData/BLMITT41/Acquisition,,Dummy,"(1,)",|S5
/AwakeEventData/BLMITT41/Acquisition/measStamp,/AwakeEventData/BLMITT41/Acquisition,,0,"(1,)",int32
/AwakeEventData/BLMITT41/Acquisition/nbOfChannels,/AwakeEventData/BLMITT41/Acquisition,,15,"(1,)",int32
/AwakeEventData/BLMITT41/Acquisition/nbOfMeas,/AwakeEventData/BLMITT41/Acquisition,,1,"(1,)",int32
/AwakeEventData/BLMITT41/Acquisition/observables,/AwakeEventData/BLMITT41/Acquisition,,0,"(1,)",int32
/AwakeEventData/BOVWA.01TCC4.AWAKECAM01/ExtractionImage/height,/AwakeEventData/BOVWA.01TCC4.AWAKECAM01/ExtractionImage,,1080,"(1,)",int32
/AwakeEventData/BOVWA.01TCC4.AWAKECAM01/ExtractionImage/pixelSize,/AwakeEventData/BOVWA.01TCC4.AWAKECAM01/ExtractionImage,,1.0,"(1,)",float64
/AwakeEventData/BOVWA.01TCC4.AWAKECAM01/ExtractionImage/width,/AwakeEventData/BOVWA.01TCC4.AWAKECAM01/ExtractionImage,,2048,"(1,)",int32
/AwakeEventData/BOVWA.01TCC4.AWAKECAM01/PublishedSettings/delayTime,/AwakeEventData/BOVWA.01TCC4.AWAKECAM01/PublishedSettings,,750.0,"(1,)",float64
/AwakeEventData/BOVWA.01TCC4.AWAKECAM01/PublishedSettings/exposureTime,/AwakeEventData/BOVWA.01TCC4.AWAKECAM01/PublishedSettings,,10000.0,"(1,)",float64
/AwakeEventData/BOVWA.01TCC4.AWAKECAM01/PublishedSettings/gain,/AwakeEventData/BOVWA.01TCC4.AWAKECAM01/PublishedSettings,,36,"(1,)",int64
/AwakeEventData/BOVWA.01TCC4.AWAKECAM01/PublishedSettings/triggerMode,/AwakeEventData/BOVWA.01TCC4.AWAKECAM01/PublishedSettings,,On,"(1,)",|S2
/AwakeEventData/BOVWA.01TCV4.CAM8/ExtractionImage/height,/AwakeEventData/BOVWA.01TCV4.CAM8/ExtractionImage,,2048,"(1,)",int32
/AwakeEventData/BOVWA.01TCV4.CAM8/ExtractionImage/pixelSize,/AwakeEventData/BOVWA.01TCV4.CAM8/ExtractionImage,,0.0048,"(1,)",float64
/AwakeEventData/BOVWA.01TCV4.CAM8/ExtractionImage/width,/AwakeEventData/BOVWA.01TCV4.CAM8/ExtractionImage,,2592,"(1,)",int32
/AwakeEventData/BOVWA.01TCV4.CAM8/PublishedSettings/delayTime,/AwakeEventData/BOVWA.01TCV4.CAM8/PublishedSettings,,800.0,"(1,)",float64
/AwakeEventData/BOVWA.01TCV4.CAM8/PublishedSettings/exposureTime,/AwakeEventData/BOVWA.01TCV4.CAM8/PublishedSettings,,2500.0,"(1,)",float64
/AwakeEventData/BOVWA.01TCV4.CAM8/PublishedSettings/gain,/AwakeEventData/BOVWA.01TCV4.CAM8/PublishedSettings,,136,"(1,)",int64
/AwakeEventData/BOVWA.01TCV4.CAM8/PublishedSettings/triggerMode,/AwakeEventData/BOVWA.01TCV4.CAM8/PublishedSettings,,On,"(1,)",|S2
/AwakeEventData/BOVWA.02TCC4.AWAKECAM02/ExtractionImage/height,/AwakeEventData/BOVWA.02TCC4.AWAKECAM02/ExtractionImage,,960,"(1,)",int32
/AwakeEventData/BOVWA.02TCC4.AWAKECAM02/ExtractionImage/pixelSize,/AwakeEventData/BOVWA.02TCC4.AWAKECAM02/ExtractionImage,,1.0,"(1,)",float64
/AwakeEventData/BOVWA.02TCC4.AWAKECAM02/ExtractionImage/width,/AwakeEventData/BOVWA.02TCC4.AWAKECAM02/ExtractionImage,,1280,"(1,)",int32
/AwakeEventData/BOVWA.02TCC4.AWAKECAM02/PublishedSettings/delayTime,/AwakeEventData/BOVWA.02TCC4.AWAKECAM02/PublishedSettings,,4500.0,"(1,)",float64
/AwakeEventData/BOVWA.02TCC4.AWAKECAM02/PublishedSettings/exposureTime,/AwakeEventData/BOVWA.02TCC4.AWAKECAM02/PublishedSettings,,100.0,"(1,)",float64
/AwakeEventData/BOVWA.02TCC4.AWAKECAM02/PublishedSettings/gain,/AwakeEventData/BOVWA.02TCC4.AWAKECAM02/PublishedSettings,,300,"(1,)",int64
/AwakeEventData/BOVWA.02TCC4.AWAKECAM02/PublishedSettings/triggerMode,/AwakeEventData/BOVWA.02TCC4.AWAKECAM02/PublishedSettings,,On,"(1,)",|S2
/AwakeEventData/BOVWA.02TSG40.CAM7/ExtractionImage/height,/AwakeEventData/BOVWA.02TSG40.CAM7/ExtractionImage,,1200,"(1,)",int32
/AwakeEventData/BOVWA.02TSG40.CAM7/ExtractionImage/pixelSize,/AwakeEventData/BOVWA.02TSG40.CAM7/ExtractionImage,,0.0275,"(1,)",float64
/AwakeEventData/BOVWA.02TSG40.CAM7/ExtractionImage/width,/AwakeEventData/BOVWA.02TSG40.CAM7/ExtractionImage,,1920,"(1,)",int32
/AwakeEventData/BOVWA.02TSG40.CAM7/PublishedSettings/delayTime,/AwakeEventData/BOVWA.02TSG40.CAM7/PublishedSettings,,650.0,"(1,)",float64
/AwakeEventData/BOVWA.02TSG40.CAM7/PublishedSettings/exposureTime,/AwakeEventData/BOVWA.02TSG40.CAM7/PublishedSettings,,40.0,"(1,)",float64
/AwakeEventData/BOVWA.02TSG40.CAM7/PublishedSettings/gain,/AwakeEventData/BOVWA.02TSG40.CAM7/PublishedSettings,,0,"(1,)",int64
/AwakeEventData/BOVWA.02TSG40.CAM7/PublishedSettings/triggerMode,/AwakeEventData/BOVWA.02TSG40.CAM7/PublishedSettings,,On,"(1,)",|S2
/AwakeEventData/BOVWA.03TT41.CAM3/ExtractionImage/height,/AwakeEventData/BOVWA.03TT41.CAM3/ExtractionImage,,1200,"(1,)",int32
/AwakeEventData/BOVWA.03TT41.CAM3/ExtractionImage/pixelSize,/AwakeEventData/BOVWA.03TT41.CAM3/ExtractionImage,,0.00586,"(1,)",float64
/AwakeEventData/BOVWA.03TT41.CAM3/ExtractionImage/width,/AwakeEventData/BOVWA.03TT41.CAM3/ExtractionImage,,1920,"(1,)",int32
/AwakeEventData/BOVWA.03TT41.CAM3/PublishedSettings/delayTime,/AwakeEventData/BOVWA.03TT41.CAM3/PublishedSettings,,650.0,"(1,)",float64
/AwakeEventData/BOVWA.03TT41.CAM3/PublishedSettings/exposureTime,/AwakeEventData/BOVWA.03TT41.CAM3/PublishedSettings,,40.0,"(1,)",float64
/AwakeEventData/BOVWA.03TT41.CAM3/PublishedSettings/gain,/AwakeEventData/BOVWA.03TT41.CAM3/PublishedSettings,,0,"(1,)",int64
/AwakeEventData/BOVWA.03TT41.CAM3/PublishedSettings/triggerMode,/AwakeEventData/BOVWA.03TT41.CAM3/PublishedSettings,,On,"(1,)",|S2
/AwakeEventData/BOVWA.04TCC4.AWAKECAM04/ExtractionImage/height,/AwakeEventData/BOVWA.04TCC4.AWAKECAM04/ExtractionImage,,1200,"(1,)",int32
/AwakeEventData/BOVWA.04TCC4.AWAKECAM04/ExtractionImage/pixelSize,/AwakeEventData/BOVWA.04TCC4.AWAKECAM04/ExtractionImage,,5.0,"(1,)",float64
/AwakeEventData/BOVWA.04TCC4.AWAKECAM04/ExtractionImage/width,/AwakeEventData/BOVWA.04TCC4.AWAKECAM04/ExtractionImage,,1600,"(1,)",int32
/AwakeEventData/BOVWA.04TCC4.AWAKECAM04/PublishedSettings/delayTime,/AwakeEventData/BOVWA.04TCC4.AWAKECAM04/PublishedSettings,,4000.0,"(1,)",float64
/AwakeEventData/BOVWA.04TCC4.AWAKECAM04/PublishedSettings/exposureTime,/AwakeEventData/BOVWA.04TCC4.AWAKECAM04/PublishedSettings,,1200.0,"(1,)",float64
/AwakeEventData/BOVWA.04TCC4.AWAKECAM04/PublishedSettings/gain,/AwakeEventData/BOVWA.04TCC4.AWAKECAM04/PublishedSettings,,0,"(1,)",int64
/AwakeEventData/BOVWA.04TCC4.AWAKECAM04/PublishedSettings/triggerMode,/AwakeEventData/BOVWA.04TCC4.AWAKECAM04/PublishedSettings,,On,"(1,)",|S2
/AwakeEventData/BOVWA.04TT41.CAM4/ExtractionImage/height,/AwakeEventData/BOVWA.04TT41.CAM4/ExtractionImage,,1200,"(1,)",int32
/AwakeEventData/BOVWA.04TT41.CAM4/ExtractionImage/pixelSize,/AwakeEventData/BOVWA.04TT41.CAM4/ExtractionImage,,0.00586,"(1,)",float64
/AwakeEventData/BOVWA.04TT41.CAM4/ExtractionImage/width,/AwakeEventData/BOVWA.04TT41.CAM4/ExtractionImage,,1920,"(1,)",int32
/AwakeEventData/BOVWA.04TT41.CAM4/PublishedSettings/delayTime,/AwakeEventData/BOVWA.04TT41.CAM4/PublishedSettings,,650.0,"(1,)",float64
/AwakeEventData/BOVWA.04TT41.CAM4/PublishedSettings/exposureTime,/AwakeEventData/BOVWA.04TT41.CAM4/PublishedSettings,,2000.0,"(1,)",float64
/AwakeEventData/BOVWA.04TT41.CAM4/PublishedSettings/gain,/AwakeEventData/BOVWA.04TT41.CAM4/PublishedSettings,,0,"(1,)",int64
/AwakeEventData/BOVWA.04TT41.CAM4/PublishedSettings/triggerMode,/AwakeEventData/BOVWA.04TT41.CAM4/PublishedSettings,,On,"(1,)",|S2
/AwakeEventData/BOVWA.05TT41.CAM5/ExtractionImage/height,/AwakeEventData/BOVWA.05TT41.CAM5/ExtractionImage,,1200,"(1,)",int32
/AwakeEventData/BOVWA.05TT41.CAM5/ExtractionImage/pixelSize,/AwakeEventData/BOVWA.05TT41.CAM5/ExtractionImage,,0.0059,"(1,)",float64
/AwakeEventData/BOVWA.05TT41.CAM5/ExtractionImage/width,/AwakeEventData/BOVWA.05TT41.CAM5/ExtractionImage,,1920,"(1,)",int32
/AwakeEventData/BOVWA.05TT41.CAM5/PublishedSettings/delayTime,/AwakeEventData/BOVWA.05TT41.CAM5/PublishedSettings,,650.0,"(1,)",float64
/AwakeEventData/BOVWA.05TT41.CAM5/PublishedSettings/exposureTime,/AwakeEventData/BOVWA.05TT41.CAM5/PublishedSettings,,40.0,"(1,)",float64
/AwakeEventData/BOVWA.05TT41.CAM5/PublishedSettings/gain,/AwakeEventData/BOVWA.05TT41.CAM5/PublishedSettings,,0,"(1,)",int64
/AwakeEventData/BOVWA.05TT41.CAM5/PublishedSettings/triggerMode,/AwakeEventData/BOVWA.05TT41.CAM5/PublishedSettings,,On,"(1,)",|S2
/AwakeEventData/BOVWA.06TCC4.AWAKECAM06/ExtractionImage/height,/AwakeEventData/BOVWA.06TCC4.AWAKECAM06/ExtractionImage,,1200,"(1,)",int32
/AwakeEventData/BOVWA.06TCC4.AWAKECAM06/ExtractionImage/pixelSize,/AwakeEventData/BOVWA.06TCC4.AWAKECAM06/ExtractionImage,,1.0,"(1,)",float64
/AwakeEventData/BOVWA.06TCC4.AWAKECAM06/ExtractionImage/width,/AwakeEventData/BOVWA.06TCC4.AWAKECAM06/ExtractionImage,,1600,"(1,)",int32
/AwakeEventData/BOVWA.06TCC4.AWAKECAM06/PublishedSettings/delayTime,/AwakeEventData/BOVWA.06TCC4.AWAKECAM06/PublishedSettings,,10000.0,"(1,)",float64
/AwakeEventData/BOVWA.06TCC4.AWAKECAM06/PublishedSettings/exposureTime,/AwakeEventData/BOVWA.06TCC4.AWAKECAM06/PublishedSettings,,800.0,"(1,)",float64
/AwakeEventData/BOVWA.06TCC4.AWAKECAM06/PublishedSettings/gain,/AwakeEventData/BOVWA.06TCC4.AWAKECAM06/PublishedSettings,,0,"(1,)",int64
/AwakeEventData/BOVWA.06TCC4.AWAKECAM06/PublishedSettings/triggerMode,/AwakeEventData/BOVWA.06TCC4.AWAKECAM06/PublishedSettings,,On,"(1,)",|S2
/AwakeEventData/BOVWA.07TCC4.AWAKECAM07/ExtractionImage/height,/AwakeEventData/BOVWA.07TCC4.AWAKECAM07/ExtractionImage,,1200,"(1,)",int32
/AwakeEventData/BOVWA.07TCC4.AWAKECAM07/ExtractionImage/pixelSize,/AwakeEventData/BOVWA.07TCC4.AWAKECAM07/ExtractionImage,,0.069,"(1,)",float64
/AwakeEventData/BOVWA.07TCC4.AWAKECAM07/ExtractionImage/width,/AwakeEventData/BOVWA.07TCC4.AWAKECAM07/ExtractionImage,,1600,"(1,)",int32
/AwakeEventData/BOVWA.07TCC4.AWAKECAM07/PublishedSettings/delayTime,/AwakeEventData/BOVWA.07TCC4.AWAKECAM07/PublishedSettings,,10000.0,"(1,)",float64
/AwakeEventData/BOVWA.07TCC4.AWAKECAM07/PublishedSettings/exposureTime,/AwakeEventData/BOVWA.07TCC4.AWAKECAM07/PublishedSettings,,2000.0,"(1,)",float64
/AwakeEventData/BOVWA.07TCC4.AWAKECAM07/PublishedSettings/gain,/AwakeEventData/BOVWA.07TCC4.AWAKECAM07/PublishedSettings,,0,"(1,)",int64
/AwakeEventData/BOVWA.07TCC4.AWAKECAM07/PublishedSettings/triggerMode,/AwakeEventData/BOVWA.07TCC4.AWAKECAM07/PublishedSettings,,On,"(1,)",|S2
/AwakeEventData/BOVWA.11TCC4.AWAKECAM11/ExtractionImage/height,/AwakeEventData/BOVWA.11TCC4.AWAKECAM11/ExtractionImage,,960,"(1,)",int32
/AwakeEventData/BOVWA.11TCC4.AWAKECAM11/ExtractionImage/pixelSize,/AwakeEventData/BOVWA.11TCC4.AWAKECAM11/ExtractionImage,,0.0268,"(1,)",float64
/AwakeEventData/BOVWA.11TCC4.AWAKECAM11/ExtractionImage/width,/AwakeEventData/BOVWA.11TCC4.AWAKECAM11/ExtractionImage,,1280,"(1,)",int32
/AwakeEventData/BOVWA.11TCC4.AWAKECAM11/PublishedSettings/delayTime,/AwakeEventData/BOVWA.11TCC4.AWAKECAM11/PublishedSettings,,500.0,"(1,)",float64
/AwakeEventData/BOVWA.11TCC4.AWAKECAM11/PublishedSettings/exposureTime,/AwakeEventData/BOVWA.11TCC4.AWAKECAM11/PublishedSettings,,400.0,"(1,)",float64
/AwakeEventData/BOVWA.11TCC4.AWAKECAM11/PublishedSettings/gain,/AwakeEventData/BOVWA.11TCC4.AWAKECAM11/PublishedSettings,,300,"(1,)",int64
/AwakeEventData/BOVWA.11TCC4.AWAKECAM11/PublishedSettings/triggerMode,/AwakeEventData/BOVWA.11TCC4.AWAKECAM11/PublishedSettings,,On,"(1,)",|S2
/AwakeEventData/BPM.AWAKE.TT41/Acquisition/dynDestination,/AwakeEventData/BPM.AWAKE.TT41/Acquisition,,AWAKE,"(1,)",|S5
/AwakeEventData/BPM.AWAKE.TT41/Acquisition/nbOfBpms,/AwakeEventData/BPM.AWAKE.TT41/Acquisition,,21,"(1,)",int16
/AwakeEventData/EMETER02/Acq/value_units,/AwakeEventData/EMETER02/Acq,,74,"(1,)",|S1
/AwakeEventData/EMETER03/Acq/value,/AwakeEventData/EMETER03/Acq,,0.0,"(1,)",float32
/AwakeEventData/EMETER03/Acq/value_units,/AwakeEventData/EMETER03/Acq,,74,"(1,)",|S1
/AwakeEventData/EMETER04/Acq/value_units,/AwakeEventData/EMETER04/Acq,,74,"(1,)",|S1
/AwakeEventData/EMETER05/Acq/value_units,/AwakeEventData/EMETER05/Acq,,74,"(1,)",|S1
/AwakeEventData/FWHEEL01/Acq/backWheelPositionDescription,/AwakeEventData/FWHEEL01/Acq,,1.5 OD,"(1,)",|S6
/AwakeEventData/FWHEEL01/Acq/frontWheelPositionDescription,/AwakeEventData/FWHEEL01/Acq,,1.5 OD,"(1,)",|S6
/AwakeEventData/FWHEEL01/Acq/status,/AwakeEventData/FWHEEL01/Acq,,1,"(1,)",int32
/AwakeEventData/GD_BPM.AWAKE.TRIUMF/AcquisitionSPS/nbOfBpms,/AwakeEventData/GD_BPM.AWAKE.TRIUMF/AcquisitionSPS,,14,"(1,)",int32
/AwakeEventData/GD_BPM.AWAKE.TRIUMF/GlobalAcquisition/nbOfBpms,/AwakeEventData/GD_BPM.AWAKE.TRIUMF/GlobalAcquisition,,14,"(1,)",int32
/AwakeEventData/MPP-VACTRANS-CTR/Acquisition/mmPosition,/AwakeEventData/MPP-VACTRANS-CTR/Acquisition,,30733.0,"(1,)",float64
/AwakeEventData/MPP-VACTRANS-CTR/Acquisition/position,/AwakeEventData/MPP-VACTRANS-CTR/Acquisition,,30733,"(1,)",int32
/AwakeEventData/MPP-VACTRANS-OTR/Acquisition/mmPosition,/AwakeEventData/MPP-VACTRANS-OTR/Acquisition,,30528.0,"(1,)",float64
/AwakeEventData/MPP-VACTRANS-OTR/Acquisition/position,/AwakeEventData/MPP-VACTRANS-OTR/Acquisition,,30528,"(1,)",int32
/AwakeEventData/Plunger.412401/StartCounterSt/value,/AwakeEventData/Plunger.412401/StartCounterSt,"{'exception': 'False', 'acqStamp': '1541506751114000000', 'comment': ""b'Plunger counter'""}",3134,"(1,)",int32
/AwakeEventData/Plunger.412401/State/value,/AwakeEventData/Plunger.412401/State,"{'exception': 'False', 'acqStamp': '1541506748984000000', 'comment': ""b'Plunger state'""}",3,"(1,)",int16
/AwakeEventData/Plunger.412422/StartCounterSt/value,/AwakeEventData/Plunger.412422/StartCounterSt,"{'exception': 'False', 'acqStamp': '1541506756121000000', 'comment': ""b'Plunger counter'""}",3165,"(1,)",int32
/AwakeEventData/Plunger.412422/State/value,/AwakeEventData/Plunger.412422/State,"{'exception': 'False', 'acqStamp': '1541506755975000000', 'comment': ""b'Plunger state'""}",3,"(1,)",int16
/AwakeEventData/RADMON.AWAKE-1/Acquisition/SEUType1,/AwakeEventData/RADMON.AWAKE-1/Acquisition,,3.3,"(1,)",float64
/AwakeEventData/RADMON.AWAKE-1/Acquisition/SEUType2,/AwakeEventData/RADMON.AWAKE-1/Acquisition,,3.0,"(1,)",float64
/AwakeEventData/RADMON.AWAKE-1/Acquisition/lPar1,/AwakeEventData/RADMON.AWAKE-1/Acquisition,,0.0,"(1,)",float64
/AwakeEventData/RADMON.AWAKE-1/Acquisition/lPar2,/AwakeEventData/RADMON.AWAKE-1/Acquisition,,0.0,"(1,)",float64
/AwakeEventData/RADMON.AWAKE-1/Acquisition/lPar3,/AwakeEventData/RADMON.AWAKE-1/Acquisition,,0.0,"(1,)",float64
/AwakeEventData/RADMON.AWAKE-1/Acquisition/lParType,/AwakeEventData/RADMON.AWAKE-1/Acquisition,,1.0,"(1,)",float64
/AwakeEventData/RADMON.AWAKE-1/Acquisition/pinDiodeType,/AwakeEventData/RADMON.AWAKE-1/Acquisition,,1,"(1,)",int32
/AwakeEventData/RADMON.AWAKE-1/Acquisition/radfet1Type,/AwakeEventData/RADMON.AWAKE-1/Acquisition,,1,"(1,)",int32
/AwakeEventData/RADMON.AWAKE-1/Acquisition/radfet2Type,/AwakeEventData/RADMON.AWAKE-1/Acquisition,,1,"(1,)",int32
/AwakeEventData/RADMON.AWAKE-1/Acquisition/radmonStatus,/AwakeEventData/RADMON.AWAKE-1/Acquisition,,0,"(1,)",int32
/AwakeEventData/RADMON.AWAKE-1/Acquisition/revisionNumber,/AwakeEventData/RADMON.AWAKE-1/Acquisition,,2,"(1,)",int32
/AwakeEventData/RADMON.AWAKE-1/Acquisition/revisionType,/AwakeEventData/RADMON.AWAKE-1/Acquisition,,0,"(1,)",int32
/AwakeEventData/RADMON.AWAKE-2/Acquisition/SEUType1,/AwakeEventData/RADMON.AWAKE-2/Acquisition,,3.3,"(1,)",float64
/AwakeEventData/RADMON.AWAKE-2/Acquisition/SEUType2,/AwakeEventData/RADMON.AWAKE-2/Acquisition,,5.0,"(1,)",float64
/AwakeEventData/RADMON.AWAKE-2/Acquisition/lPar1,/AwakeEventData/RADMON.AWAKE-2/Acquisition,,0.0,"(1,)",float64
/AwakeEventData/RADMON.AWAKE-2/Acquisition/lPar2,/AwakeEventData/RADMON.AWAKE-2/Acquisition,,0.0,"(1,)",float64
/AwakeEventData/RADMON.AWAKE-2/Acquisition/lPar3,/AwakeEventData/RADMON.AWAKE-2/Acquisition,,0.0,"(1,)",float64
/AwakeEventData/RADMON.AWAKE-2/Acquisition/lParType,/AwakeEventData/RADMON.AWAKE-2/Acquisition,,1.0,"(1,)",float64
/AwakeEventData/RADMON.AWAKE-2/Acquisition/pinDiodeType,/AwakeEventData/RADMON.AWAKE-2/Acquisition,,1,"(1,)",int32
/AwakeEventData/RADMON.AWAKE-2/Acquisition/radfet1Type,/AwakeEventData/RADMON.AWAKE-2/Acquisition,,1,"(1,)",int32
/AwakeEventData/RADMON.AWAKE-2/Acquisition/radfet2Type,/AwakeEventData/RADMON.AWAKE-2/Acquisition,,1,"(1,)",int32
/AwakeEventData/RADMON.AWAKE-2/Acquisition/radmonStatus,/AwakeEventData/RADMON.AWAKE-2/Acquisition,,0,"(1,)",int32
/AwakeEventData/RADMON.AWAKE-2/Acquisition/revisionNumber,/AwakeEventData/RADMON.AWAKE-2/Acquisition,,2,"(1,)",int32
/AwakeEventData/RADMON.AWAKE-2/Acquisition/revisionType,/AwakeEventData/RADMON.AWAKE-2/Acquisition,,0,"(1,)",int32
/AwakeEventData/RADMON.AWAKE-3/Acquisition/SEUType1,/AwakeEventData/RADMON.AWAKE-3/Acquisition,,3.3,"(1,)",float64
/AwakeEventData/RADMON.AWAKE-3/Acquisition/SEUType2,/AwakeEventData/RADMON.AWAKE-3/Acquisition,,3.0,"(1,)",float64
/AwakeEventData/RADMON.AWAKE-3/Acquisition/lPar1,/AwakeEventData/RADMON.AWAKE-3/Acquisition,,0.0,"(1,)",float64
/AwakeEventData/RADMON.AWAKE-3/Acquisition/lPar2,/AwakeEventData/RADMON.AWAKE-3/Acquisition,,0.0,"(1,)",float64
/AwakeEventData/RADMON.AWAKE-3/Acquisition/lPar3,/AwakeEventData/RADMON.AWAKE-3/Acquisition,,0.0,"(1,)",float64
/AwakeEventData/RADMON.AWAKE-3/Acquisition/lParType,/AwakeEventData/RADMON.AWAKE-3/Acquisition,,1.0,"(1,)",float64
/AwakeEventData/RADMON.AWAKE-3/Acquisition/pinDiodeType,/AwakeEventData/RADMON.AWAKE-3/Acquisition,,1,"(1,)",int32
/AwakeEventData/RADMON.AWAKE-3/Acquisition/radfet1Type,/AwakeEventData/RADMON.AWAKE-3/Acquisition,,1,"(1,)",int32
/AwakeEventData/RADMON.AWAKE-3/Acquisition/radfet2Type,/AwakeEventData/RADMON.AWAKE-3/Acquisition,,1,"(1,)",int32
/AwakeEventData/RADMON.AWAKE-3/Acquisition/radmonStatus,/AwakeEventData/RADMON.AWAKE-3/Acquisition,,0,"(1,)",int32
/AwakeEventData/RADMON.AWAKE-3/Acquisition/revisionNumber,/AwakeEventData/RADMON.AWAKE-3/Acquisition,,2,"(1,)",int32
/AwakeEventData/RADMON.AWAKE-3/Acquisition/revisionType,/AwakeEventData/RADMON.AWAKE-3/Acquisition,,0,"(1,)",int32
/AwakeEventData/SPS.BCTDC.41435/Acquisition/acqDesc,/AwakeEventData/SPS.BCTDC.41435/Acquisition,,5,"(1,)",|S1
/AwakeEventData/SPS.BCTDC.41435/Acquisition/acqMsg,/AwakeEventData/SPS.BCTDC.41435/Acquisition,,Data for device: SPS.BCTDC.41435,"(1,)",|S32
/AwakeEventData/SPS.BCTDC.41435/Acquisition/acqState,/AwakeEventData/SPS.BCTDC.41435/Acquisition,,1,"(1,)",int32
/AwakeEventData/SPS.BCTDC.41435/Acquisition/cycleTime,/AwakeEventData/SPS.BCTDC.41435/Acquisition,,5,"(1,)",|S1
/AwakeEventData/SPS.BCTDC.41435/Acquisition/dumpCycleTime,/AwakeEventData/SPS.BCTDC.41435/Acquisition,,5637,"(1,)",int32
/AwakeEventData/SPS.BCTDC.41435/Acquisition/measStamp_unit,/AwakeEventData/SPS.BCTDC.41435/Acquisition,,4,"(1,)",int32
/AwakeEventData/SPS.BCTDC.41435/Acquisition/measStamp_unitExponent,/AwakeEventData/SPS.BCTDC.41435/Acquisition,,-3.0,"(1,)",float32
/AwakeEventData/SPS.BCTDC.41435/Acquisition/nbOfAdcData,/AwakeEventData/SPS.BCTDC.41435/Acquisition,,1120,"(1,)",int32
/AwakeEventData/SPS.BCTDC.41435/Acquisition/nbOfMeas,/AwakeEventData/SPS.BCTDC.41435/Acquisition,,940,"(1,)",int32
/AwakeEventData/SPS.BCTDC.41435/Acquisition/samplingTime,/AwakeEventData/SPS.BCTDC.41435/Acquisition,,5,"(1,)",int32
/AwakeEventData/SPS.BCTDC.41435/Acquisition/sbfCycleTime,/AwakeEventData/SPS.BCTDC.41435/Acquisition,,3775,"(1,)",int32
/AwakeEventData/SPS.BCTDC.41435/Acquisition/selectedRange,/AwakeEventData/SPS.BCTDC.41435/Acquisition,,1,"(1,)",int32
/AwakeEventData/SPS.BCTDC.41435/Acquisition/slowCycleTime,/AwakeEventData/SPS.BCTDC.41435/Acquisition,,0,"(1,)",int32
/AwakeEventData/SPS.BCTDC.41435/Acquisition/slowExtInt,/AwakeEventData/SPS.BCTDC.41435/Acquisition,,0.0,"(1,)",float32
/AwakeEventData/SPS.BCTDC.41435/Acquisition/totalIntensity_unit,/AwakeEventData/SPS.BCTDC.41435/Acquisition,,7,"(1,)",int32
/AwakeEventData/SPS.BCTDC.41435/Acquisition/totalIntensity_unitExponent,/AwakeEventData/SPS.BCTDC.41435/Acquisition,,8.0,"(1,)",float32
/AwakeEventData/SPS.BCTDC.41435/Acquisition/vmodStatus,/AwakeEventData/SPS.BCTDC.41435/Acquisition,,-16385,"(1,)",int32
/AwakeEventData/SPS.BCTDC.51895/Acquisition/acqDesc,/AwakeEventData/SPS.BCTDC.51895/Acquisition,,5,"(1,)",|S1
/AwakeEventData/SPS.BCTDC.51895/Acquisition/acqMsg,/AwakeEventData/SPS.BCTDC.51895/Acquisition,,Data for device: SPS.BCTDC.51895,"(1,)",|S32
/AwakeEventData/SPS.BCTDC.51895/Acquisition/acqState,/AwakeEventData/SPS.BCTDC.51895/Acquisition,,1,"(1,)",int32
/AwakeEventData/SPS.BCTDC.51895/Acquisition/cycleTime,/AwakeEventData/SPS.BCTDC.51895/Acquisition,,5,"(1,)",|S1
/AwakeEventData/SPS.BCTDC.51895/Acquisition/dumpCycleTime,/AwakeEventData/SPS.BCTDC.51895/Acquisition,,5637,"(1,)",int32
/AwakeEventData/SPS.BCTDC.51895/Acquisition/measStamp_unit,/AwakeEventData/SPS.BCTDC.51895/Acquisition,,4,"(1,)",int32
/AwakeEventData/SPS.BCTDC.51895/Acquisition/measStamp_unitExponent,/AwakeEventData/SPS.BCTDC.51895/Acquisition,,-3.0,"(1,)",float32
/AwakeEventData/SPS.BCTDC.51895/Acquisition/nbOfAdcData,/AwakeEventData/SPS.BCTDC.51895/Acquisition,,1120,"(1,)",int32
/AwakeEventData/SPS.BCTDC.51895/Acquisition/nbOfMeas,/AwakeEventData/SPS.BCTDC.51895/Acquisition,,940,"(1,)",int32
/AwakeEventData/SPS.BCTDC.51895/Acquisition/samplingTime,/AwakeEventData/SPS.BCTDC.51895/Acquisition,,5,"(1,)",int32
/AwakeEventData/SPS.BCTDC.51895/Acquisition/sbfCycleTime,/AwakeEventData/SPS.BCTDC.51895/Acquisition,,3775,"(1,)",int32
/AwakeEventData/SPS.BCTDC.51895/Acquisition/selectedRange,/AwakeEventData/SPS.BCTDC.51895/Acquisition,,3,"(1,)",int32
/AwakeEventData/SPS.BCTDC.51895/Acquisition/slowCycleTime,/AwakeEventData/SPS.BCTDC.51895/Acquisition,,0,"(1,)",int32
/AwakeEventData/SPS.BCTDC.51895/Acquisition/slowExtInt,/AwakeEventData/SPS.BCTDC.51895/Acquisition,,0.0,"(1,)",float32
/AwakeEventData/SPS.BCTDC.51895/Acquisition/totalIntensity_unit,/AwakeEventData/SPS.BCTDC.51895/Acquisition,,7,"(1,)",int32
/AwakeEventData/SPS.BCTDC.51895/Acquisition/totalIntensity_unitExponent,/AwakeEventData/SPS.BCTDC.51895/Acquisition,,10.0,"(1,)",float32
/AwakeEventData/SPS.BCTDC.51895/Acquisition/vmodStatus,/AwakeEventData/SPS.BCTDC.51895/Acquisition,,-1,"(1,)",int32
/AwakeEventData/SPSBQMSPSv1/Acquisition/bunchIntensityMaxThr,/AwakeEventData/SPSBQMSPSv1/Acquisition,,6000.0,"(1,)",float32
/AwakeEventData/SPSBQMSPSv1/Acquisition/bunchIntensityMinThr,/AwakeEventData/SPSBQMSPSv1/Acquisition,,700.0,"(1,)",float32
/AwakeEventData/SPSBQMSPSv1/Acquisition/bunchIntensityModIndex,/AwakeEventData/SPSBQMSPSv1/Acquisition,,0.0,"(1,)",float32
/AwakeEventData/SPSBQMSPSv1/Acquisition/bunchIntensityModIndexThr,/AwakeEventData/SPSBQMSPSv1/Acquisition,,0.4,"(1,)",float32
/AwakeEventData/SPSBQMSPSv1/Acquisition/bunchIntensityStd,/AwakeEventData/SPSBQMSPSv1/Acquisition,,0.0,"(1,)",float32
/AwakeEventData/SPSBQMSPSv1/Acquisition/bunchLengthMaxThr,/AwakeEventData/SPSBQMSPSv1/Acquisition,,1.8e-09,"(1,)",float32
/AwakeEventData/SPSBQMSPSv1/Acquisition/bunchLengthMinThr,/AwakeEventData/SPSBQMSPSv1/Acquisition,,0.0,"(1,)",float32
/AwakeEventData/SPSBQMSPSv1/Acquisition/bunchLengthStd,/AwakeEventData/SPSBQMSPSv1/Acquisition,,0.0,"(1,)",float32
/AwakeEventData/SPSBQMSPSv1/Acquisition/bunchLengthStdThr,/AwakeEventData/SPSBQMSPSv1/Acquisition,,6e-10,"(1,)",float32
/AwakeEventData/SPSBQMSPSv1/Acquisition/bunchPeakMaxThr,/AwakeEventData/SPSBQMSPSv1/Acquisition,,0.5,"(1,)",float32
/AwakeEventData/SPSBQMSPSv1/Acquisition/bunchPeakMinThr,/AwakeEventData/SPSBQMSPSv1/Acquisition,,0.0,"(1,)",float32
/AwakeEventData/SPSBQMSPSv1/Acquisition/bunchPeakStd,/AwakeEventData/SPSBQMSPSv1/Acquisition,,0.0,"(1,)",float32
/AwakeEventData/SPSBQMSPSv1/Acquisition/bunchPeakStdThr,/AwakeEventData/SPSBQMSPSv1/Acquisition,,0.1,"(1,)",float32
/AwakeEventData/SPSBQMSPSv1/Acquisition/diagnostic,/AwakeEventData/SPSBQMSPSv1/Acquisition,,1000,"(1,)",int16
/AwakeEventData/SPSBQMSPSv1/Acquisition/nAllowedLongBunches,/AwakeEventData/SPSBQMSPSv1/Acquisition,,0,"(1,)",int16
/AwakeEventData/SPSBQMSPSv1/Acquisition/nBunches,/AwakeEventData/SPSBQMSPSv1/Acquisition,,1,"(1,)",int32
/AwakeEventData/SPSBQMSPSv1/Acquisition/nBunchesMax,/AwakeEventData/SPSBQMSPSv1/Acquisition,,1,"(1,)",int16
/AwakeEventData/SPSBQMSPSv1/Acquisition/nBunchesRamp,/AwakeEventData/SPSBQMSPSv1/Acquisition,,1,"(1,)",int32
/AwakeEventData/SPSBQMSPSv1/Acquisition/nSatellitesIntensity,/AwakeEventData/SPSBQMSPSv1/Acquisition,,0,"(1,)",int32
/AwakeEventData/SPSBQMSPSv1/Acquisition/nSatellitesMidBucket,/AwakeEventData/SPSBQMSPSv1/Acquisition,,0,"(1,)",int32
/AwakeEventData/SPSBQMSPSv1/Acquisition/nTooLongBunches,/AwakeEventData/SPSBQMSPSv1/Acquisition,,0,"(1,)",int16
/AwakeEventData/SPSBQMSPSv1/Acquisition/nWarningMessages,/AwakeEventData/SPSBQMSPSv1/Acquisition,,1,"(1,)",int16
/AwakeEventData/SPSBQMSPSv1/Acquisition/oscillationPercentDeltaMaxThr,/AwakeEventData/SPSBQMSPSv1/Acquisition,,0.3,"(1,)",float32
/AwakeEventData/SPSBQMSPSv1/Acquisition/oscillationPercentPeakMaxThr,/AwakeEventData/SPSBQMSPSv1/Acquisition,,0.099999994,"(1,)",float32
/AwakeEventData/SPSBQMSPSv1/Acquisition/satellitesIntensityThr,/AwakeEventData/SPSBQMSPSv1/Acquisition,,0.08,"(1,)",float32
/AwakeEventData/SPSBQMSPSv1/Acquisition/satellitesMidBucketThr,/AwakeEventData/SPSBQMSPSv1/Acquisition,,0.04,"(1,)",float32
/AwakeEventData/SR.SCOPE27.CH01/Acquisition/cycleTag,/AwakeEventData/SR.SCOPE27.CH01/Acquisition,,4874,"(1,)",int32
/AwakeEventData/SR.SCOPE27.CH01/Acquisition/firstSampleTime,/AwakeEventData/SR.SCOPE27.CH01/Acquisition,,-16.711111,"(1,)",float32
/AwakeEventData/SR.SCOPE27.CH01/Acquisition/offset,/AwakeEventData/SR.SCOPE27.CH01/Acquisition,,0.35526314,"(1,)",float32
/AwakeEventData/SR.SCOPE27.CH01/Acquisition/sampleInterval,/AwakeEventData/SR.SCOPE27.CH01/Acquisition,,0.25,"(1,)",float32
/AwakeEventData/SR.SCOPE27.CH01/Acquisition/sensitivity,/AwakeEventData/SR.SCOPE27.CH01/Acquisition,,1.5259022e-05,"(1,)",float32
/AwakeEventData/SR.SCOPE27.CH01/Acquisition/triggerError,/AwakeEventData/SR.SCOPE27.CH01/Acquisition,,-0.2245736,"(1,)",float32
/AwakeEventData/SR.SCOPE27.CH01/Acquisition/value_units,/AwakeEventData/SR.SCOPE27.CH01/Acquisition,,86,"(1,)",|S1
/AwakeEventData/SR.SCOPE28.CH01/Acquisition/cycleTag,/AwakeEventData/SR.SCOPE28.CH01/Acquisition,,4874,"(1,)",int32
/AwakeEventData/SR.SCOPE28.CH01/Acquisition/firstSampleTime,/AwakeEventData/SR.SCOPE28.CH01/Acquisition,,-16.711111,"(1,)",float32
/AwakeEventData/SR.SCOPE28.CH01/Acquisition/offset,/AwakeEventData/SR.SCOPE28.CH01/Acquisition,,0.3640351,"(1,)",float32
/AwakeEventData/SR.SCOPE28.CH01/Acquisition/sampleInterval,/AwakeEventData/SR.SCOPE28.CH01/Acquisition,,0.25,"(1,)",float32
/AwakeEventData/SR.SCOPE28.CH01/Acquisition/sensitivity,/AwakeEventData/SR.SCOPE28.CH01/Acquisition,,1.5259022e-05,"(1,)",float32
/AwakeEventData/SR.SCOPE28.CH01/Acquisition/triggerError,/AwakeEventData/SR.SCOPE28.CH01/Acquisition,,-0.23061843,"(1,)",float32
/AwakeEventData/SR.SCOPE28.CH01/Acquisition/value_units,/AwakeEventData/SR.SCOPE28.CH01/Acquisition,,86,"(1,)",|S1
/AwakeEventData/SR.SCOPE29.CH01/Acquisition/cycleTag,/AwakeEventData/SR.SCOPE29.CH01/Acquisition,,4874,"(1,)",int32
/AwakeEventData/SR.SCOPE29.CH01/Acquisition/firstSampleTime,/AwakeEventData/SR.SCOPE29.CH01/Acquisition,,-16.711111,"(1,)",float32
/AwakeEventData/SR.SCOPE29.CH01/Acquisition/offset,/AwakeEventData/SR.SCOPE29.CH01/Acquisition,,0.36842105,"(1,)",float32
/AwakeEventData/SR.SCOPE29.CH01/Acquisition/sampleInterval,/AwakeEventData/SR.SCOPE29.CH01/Acquisition,,0.25,"(1,)",float32
/AwakeEventData/SR.SCOPE29.CH01/Acquisition/sensitivity,/AwakeEventData/SR.SCOPE29.CH01/Acquisition,,1.5259022e-05,"(1,)",float32
/AwakeEventData/SR.SCOPE29.CH01/Acquisition/triggerError,/AwakeEventData/SR.SCOPE29.CH01/Acquisition,,-0.13917577,"(1,)",float32
/AwakeEventData/SR.SCOPE29.CH01/Acquisition/value_units,/AwakeEventData/SR.SCOPE29.CH01/Acquisition,,86,"(1,)",|S1
/AwakeEventData/SR.SCOPE30.CH01/Acquisition/cycleTag,/AwakeEventData/SR.SCOPE30.CH01/Acquisition,,4874,"(1,)",int32
/AwakeEventData/SR.SCOPE30.CH01/Acquisition/firstSampleTime,/AwakeEventData/SR.SCOPE30.CH01/Acquisition,,-1000.0,"(1,)",float32
/AwakeEventData/SR.SCOPE30.CH01/Acquisition/offset,/AwakeEventData/SR.SCOPE30.CH01/Acquisition,,0.065789476,"(1,)",float32
/AwakeEventData/SR.SCOPE30.CH01/Acquisition/sampleInterval,/AwakeEventData/SR.SCOPE30.CH01/Acquisition,,0.5,"(1,)",float32
/AwakeEventData/SR.SCOPE30.CH01/Acquisition/sensitivity,/AwakeEventData/SR.SCOPE30.CH01/Acquisition,,1.5259022e-05,"(1,)",float32
/AwakeEventData/SR.SCOPE30.CH01/Acquisition/triggerError,/AwakeEventData/SR.SCOPE30.CH01/Acquisition,,-0.3847302,"(1,)",float32
/AwakeEventData/SR.SCOPE30.CH01/Acquisition/value_units,/AwakeEventData/SR.SCOPE30.CH01/Acquisition,,86,"(1,)",|S1
/AwakeEventData/SR.SCOPE30.CH02/Acquisition/cycleTag,/AwakeEventData/SR.SCOPE30.CH02/Acquisition,,4874,"(1,)",int32
/AwakeEventData/SR.SCOPE30.CH02/Acquisition/firstSampleTime,/AwakeEventData/SR.SCOPE30.CH02/Acquisition,,-1000.0,"(1,)",float32
/AwakeEventData/SR.SCOPE30.CH02/Acquisition/offset,/AwakeEventData/SR.SCOPE30.CH02/Acquisition,,0.16447368,"(1,)",float32
/AwakeEventData/SR.SCOPE30.CH02/Acquisition/sampleInterval,/AwakeEventData/SR.SCOPE30.CH02/Acquisition,,0.5,"(1,)",float32
/AwakeEventData/SR.SCOPE30.CH02/Acquisition/sensitivity,/AwakeEventData/SR.SCOPE30.CH02/Acquisition,,7.629511e-06,"(1,)",float32
/AwakeEventData/SR.SCOPE30.CH02/Acquisition/triggerError,/AwakeEventData/SR.SCOPE30.CH02/Acquisition,,-0.3847302,"(1,)",float32
/AwakeEventData/SR.SCOPE30.CH02/Acquisition/value_units,/AwakeEventData/SR.SCOPE30.CH02/Acquisition,,86,"(1,)",|S1
/AwakeEventData/SR.SCOPE43.CH01/Acquisition/firstSampleTime,/AwakeEventData/SR.SCOPE43.CH01/Acquisition,,0.0,"(1,)",float32
/AwakeEventData/SR.SCOPE43.CH01/Acquisition/offset,/AwakeEventData/SR.SCOPE43.CH01/Acquisition,,-0.0,"(1,)",float32
/AwakeEventData/SR.SCOPE43.CH01/Acquisition/sampleInterval,/AwakeEventData/SR.SCOPE43.CH01/Acquisition,,5.681818,"(1,)",float32
/AwakeEventData/SR.SCOPE43.CH01/Acquisition/sensitivity,/AwakeEventData/SR.SCOPE43.CH01/Acquisition,,3.0518044e-05,"(1,)",float32
/AwakeEventData/SR.SCOPE43.CH01/Acquisition/triggerError,/AwakeEventData/SR.SCOPE43.CH01/Acquisition,,0.0,"(1,)",float32
/AwakeEventData/SR.SCOPE43.CH01/Acquisition/value_units,/AwakeEventData/SR.SCOPE43.CH01/Acquisition,,86,"(1,)",|S1
/AwakeEventData/SR.SCOPE43.CH02/Acquisition/firstSampleTime,/AwakeEventData/SR.SCOPE43.CH02/Acquisition,,0.0,"(1,)",float32
/AwakeEventData/SR.SCOPE43.CH02/Acquisition/offset,/AwakeEventData/SR.SCOPE43.CH02/Acquisition,,-0.0,"(1,)",float32
/AwakeEventData/SR.SCOPE43.CH02/Acquisition/sampleInterval,/AwakeEventData/SR.SCOPE43.CH02/Acquisition,,5.681818,"(1,)",float32
/AwakeEventData/SR.SCOPE43.CH02/Acquisition/sensitivity,/AwakeEventData/SR.SCOPE43.CH02/Acquisition,,7.629511e-06,"(1,)",float32
/AwakeEventData/SR.SCOPE43.CH02/Acquisition/triggerError,/AwakeEventData/SR.SCOPE43.CH02/Acquisition,,0.0,"(1,)",float32
/AwakeEventData/SR.SCOPE43.CH02/Acquisition/value_units,/AwakeEventData/SR.SCOPE43.CH02/Acquisition,,86,"(1,)",|S1
/AwakeEventData/SR.SCOPE43.CH03/Acquisition/firstSampleTime,/AwakeEventData/SR.SCOPE43.CH03/Acquisition,,0.0,"(1,)",float32
/AwakeEventData/SR.SCOPE43.CH03/Acquisition/offset,/AwakeEventData/SR.SCOPE43.CH03/Acquisition,,-0.0,"(1,)",float32
/AwakeEventData/SR.SCOPE43.CH03/Acquisition/sampleInterval,/AwakeEventData/SR.SCOPE43.CH03/Acquisition,,5.681818,"(1,)",float32
/AwakeEventData/SR.SCOPE43.CH03/Acquisition/sensitivity,/AwakeEventData/SR.SCOPE43.CH03/Acquisition,,3.0518044e-05,"(1,)",float32
/AwakeEventData/SR.SCOPE43.CH03/Acquisition/triggerError,/AwakeEventData/SR.SCOPE43.CH03/Acquisition,,0.0,"(1,)",float32
/AwakeEventData/SR.SCOPE43.CH03/Acquisition/value_units,/AwakeEventData/SR.SCOPE43.CH03/Acquisition,,86,"(1,)",|S1
/AwakeEventData/SR.SCOPE43.CH04/Acquisition/firstSampleTime,/AwakeEventData/SR.SCOPE43.CH04/Acquisition,,0.0,"(1,)",float32
/AwakeEventData/SR.SCOPE43.CH04/Acquisition/offset,/AwakeEventData/SR.SCOPE43.CH04/Acquisition,,-0.0,"(1,)",float32
/AwakeEventData/SR.SCOPE43.CH04/Acquisition/sampleInterval,/AwakeEventData/SR.SCOPE43.CH04/Acquisition,,5.681818,"(1,)",float32
/AwakeEventData/SR.SCOPE43.CH04/Acquisition/sensitivity,/AwakeEventData/SR.SCOPE43.CH04/Acquisition,,3.0518045e-06,"(1,)",float32
/AwakeEventData/SR.SCOPE43.CH04/Acquisition/triggerError,/AwakeEventData/SR.SCOPE43.CH04/Acquisition,,0.0,"(1,)",float32
/AwakeEventData/SR.SCOPE43.CH04/Acquisition/value_units,/AwakeEventData/SR.SCOPE43.CH04/Acquisition,,86,"(1,)",|S1
/AwakeEventData/SR.SCOPE43.CH05/Acquisition/firstSampleTime,/AwakeEventData/SR.SCOPE43.CH05/Acquisition,,0.0,"(1,)",float32
/AwakeEventData/SR.SCOPE43.CH05/Acquisition/offset,/AwakeEventData/SR.SCOPE43.CH05/Acquisition,,-0.0,"(1,)",float32
/AwakeEventData/SR.SCOPE43.CH05/Acquisition/sampleInterval,/AwakeEventData/SR.SCOPE43.CH05/Acquisition,,5.681818,"(1,)",float32
/AwakeEventData/SR.SCOPE43.CH05/Acquisition/sensitivity,/AwakeEventData/SR.SCOPE43.CH05/Acquisition,,3.0518044e-05,"(1,)",float32
/AwakeEventData/SR.SCOPE43.CH05/Acquisition/triggerError,/AwakeEventData/SR.SCOPE43.CH05/Acquisition,,0.0,"(1,)",float32
/AwakeEventData/SR.SCOPE43.CH05/Acquisition/value_units,/AwakeEventData/SR.SCOPE43.CH05/Acquisition,,86,"(1,)",|S1
/AwakeEventData/SR.SCOPE43.CH06/Acquisition/firstSampleTime,/AwakeEventData/SR.SCOPE43.CH06/Acquisition,,0.0,"(1,)",float32
/AwakeEventData/SR.SCOPE43.CH06/Acquisition/offset,/AwakeEventData/SR.SCOPE43.CH06/Acquisition,,-0.047368422,"(1,)",float32
/AwakeEventData/SR.SCOPE43.CH06/Acquisition/sampleInterval,/AwakeEventData/SR.SCOPE43.CH06/Acquisition,,7.9365077,"(1,)",float32
/AwakeEventData/SR.SCOPE43.CH06/Acquisition/sensitivity,/AwakeEventData/SR.SCOPE43.CH06/Acquisition,,7.629511e-05,"(1,)",float32
/AwakeEventData/SR.SCOPE43.CH06/Acquisition/triggerError,/AwakeEventData/SR.SCOPE43.CH06/Acquisition,,0.0,"(1,)",float32
/AwakeEventData/SR.SCOPE43.CH06/Acquisition/value_units,/AwakeEventData/SR.SCOPE43.CH06/Acquisition,,86,"(1,)",|S1
/AwakeEventData/SR.SCOPE43.CH07/Acquisition/firstSampleTime,/AwakeEventData/SR.SCOPE43.CH07/Acquisition,,0.0,"(1,)",float32
/AwakeEventData/SR.SCOPE43.CH07/Acquisition/offset,/AwakeEventData/SR.SCOPE43.CH07/Acquisition,,-0.03508772,"(1,)",float32
/AwakeEventData/SR.SCOPE43.CH07/Acquisition/sampleInterval,/AwakeEventData/SR.SCOPE43.CH07/Acquisition,,5.681818,"(1,)",float32
/AwakeEventData/SR.SCOPE43.CH07/Acquisition/sensitivity,/AwakeEventData/SR.SCOPE43.CH07/Acquisition,,1.5259022e-05,"(1,)",float32
/AwakeEventData/SR.SCOPE43.CH07/Acquisition/triggerError,/AwakeEventData/SR.SCOPE43.CH07/Acquisition,,0.0,"(1,)",float32
/AwakeEventData/SR.SCOPE43.CH07/Acquisition/value_units,/AwakeEventData/SR.SCOPE43.CH07/Acquisition,,86,"(1,)",|S1
/AwakeEventData/SR.SCOPE43.CH08/Acquisition/firstSampleTime,/AwakeEventData/SR.SCOPE43.CH08/Acquisition,,0.0,"(1,)",float32
/AwakeEventData/SR.SCOPE43.CH08/Acquisition/offset,/AwakeEventData/SR.SCOPE43.CH08/Acquisition,,0.010964912,"(1,)",float32
/AwakeEventData/SR.SCOPE43.CH08/Acquisition/sampleInterval,/AwakeEventData/SR.SCOPE43.CH08/Acquisition,,7.9365077,"(1,)",float32
/AwakeEventData/SR.SCOPE43.CH08/Acquisition/sensitivity,/AwakeEventData/SR.SCOPE43.CH08/Acquisition,,1.5259022e-05,"(1,)",float32
/AwakeEventData/SR.SCOPE43.CH08/Acquisition/triggerError,/AwakeEventData/SR.SCOPE43.CH08/Acquisition,,0.0,"(1,)",float32
/AwakeEventData/SR.SCOPE43.CH08/Acquisition/value_units,/AwakeEventData/SR.SCOPE43.CH08/Acquisition,,86,"(1,)",|S1
/AwakeEventData/SR.SCOPE45.CH01/Acquisition/firstSampleTime,/AwakeEventData/SR.SCOPE45.CH01/Acquisition,,0.0,"(1,)",float32
/AwakeEventData/SR.SCOPE45.CH01/Acquisition/offset,/AwakeEventData/SR.SCOPE45.CH01/Acquisition,,-0.0,"(1,)",float32
/AwakeEventData/SR.SCOPE45.CH01/Acquisition/sampleInterval,/AwakeEventData/SR.SCOPE45.CH01/Acquisition,,5.681818,"(1,)",float32
/AwakeEventData/SR.SCOPE45.CH01/Acquisition/sensitivity,/AwakeEventData/SR.SCOPE45.CH01/Acquisition,,7.629511e-05,"(1,)",float32
/AwakeEventData/SR.SCOPE45.CH01/Acquisition/triggerError,/AwakeEventData/SR.SCOPE45.CH01/Acquisition,,0.0,"(1,)",float32
/AwakeEventData/SR.SCOPE45.CH01/Acquisition/value_units,/AwakeEventData/SR.SCOPE45.CH01/Acquisition,,86,"(1,)",|S1
/AwakeEventData/SR.SCOPE45.CH02/Acquisition/firstSampleTime,/AwakeEventData/SR.SCOPE45.CH02/Acquisition,,0.0,"(1,)",float32
/AwakeEventData/SR.SCOPE45.CH02/Acquisition/offset,/AwakeEventData/SR.SCOPE45.CH02/Acquisition,,-0.0,"(1,)",float32
/AwakeEventData/SR.SCOPE45.CH02/Acquisition/sampleInterval,/AwakeEventData/SR.SCOPE45.CH02/Acquisition,,5.681818,"(1,)",float32
/AwakeEventData/SR.SCOPE45.CH02/Acquisition/sensitivity,/AwakeEventData/SR.SCOPE45.CH02/Acquisition,,7.629511e-05,"(1,)",float32
/AwakeEventData/SR.SCOPE45.CH02/Acquisition/triggerError,/AwakeEventData/SR.SCOPE45.CH02/Acquisition,,0.0,"(1,)",float32
/AwakeEventData/SR.SCOPE45.CH02/Acquisition/value_units,/AwakeEventData/SR.SCOPE45.CH02/Acquisition,,86,"(1,)",|S1
/AwakeEventData/SR.SCOPE45.CH03/Acquisition/firstSampleTime,/AwakeEventData/SR.SCOPE45.CH03/Acquisition,,0.0,"(1,)",float32
/AwakeEventData/SR.SCOPE45.CH03/Acquisition/offset,/AwakeEventData/SR.SCOPE45.CH03/Acquisition,,-0.0,"(1,)",float32
/AwakeEventData/SR.SCOPE45.CH03/Acquisition/sampleInterval,/AwakeEventData/SR.SCOPE45.CH03/Acquisition,,5.681818,"(1,)",float32
/AwakeEventData/SR.SCOPE45.CH03/Acquisition/sensitivity,/AwakeEventData/SR.SCOPE45.CH03/Acquisition,,7.629511e-05,"(1,)",float32
/AwakeEventData/SR.SCOPE45.CH03/Acquisition/triggerError,/AwakeEventData/SR.SCOPE45.CH03/Acquisition,,0.0,"(1,)",float32
/AwakeEventData/SR.SCOPE45.CH03/Acquisition/value_units,/AwakeEventData/SR.SCOPE45.CH03/Acquisition,,86,"(1,)",|S1
/AwakeEventData/SR.SCOPE45.CH04/Acquisition/firstSampleTime,/AwakeEventData/SR.SCOPE45.CH04/Acquisition,,0.0,"(1,)",float32
/AwakeEventData/SR.SCOPE45.CH04/Acquisition/offset,/AwakeEventData/SR.SCOPE45.CH04/Acquisition,,-0.0,"(1,)",float32
/AwakeEventData/SR.SCOPE45.CH04/Acquisition/sampleInterval,/AwakeEventData/SR.SCOPE45.CH04/Acquisition,,5.681818,"(1,)",float32
/AwakeEventData/SR.SCOPE45.CH04/Acquisition/sensitivity,/AwakeEventData/SR.SCOPE45.CH04/Acquisition,,7.629511e-05,"(1,)",float32
/AwakeEventData/SR.SCOPE45.CH04/Acquisition/triggerError,/AwakeEventData/SR.SCOPE45.CH04/Acquisition,,0.0,"(1,)",float32
/AwakeEventData/SR.SCOPE45.CH04/Acquisition/value_units,/AwakeEventData/SR.SCOPE45.CH04/Acquisition,,86,"(1,)",|S1
/AwakeEventData/TCC4.AWAKE-SCOPE-CTR.CH1/FileRead/channelRead,/AwakeEventData/TCC4.AWAKE-SCOPE-CTR.CH1/FileRead,,1,"(1,)",int32
/AwakeEventData/TCC4.AWAKE-SCOPE-CTR.CH1/FileRead/fileCount,/AwakeEventData/TCC4.AWAKE-SCOPE-CTR.CH1/FileRead,,1,"(1,)",int32
/AwakeEventData/TCC4.AWAKE-SCOPE-CTR.CH1/FileRead/fileName,/AwakeEventData/TCC4.AWAKE-SCOPE-CTR.CH1/FileRead,,20181109_182112204Wfm_Ch1.csv,"(1,)",|S29
/AwakeEventData/TCC4.AWAKE-SCOPE-CTR.CH1/FileRead/fileReadDelay,/AwakeEventData/TCC4.AWAKE-SCOPE-CTR.CH1/FileRead,,692316000,"(1,)",int64
/AwakeEventData/TCC4.AWAKE-SCOPE-CTR.CH1/FileRead/fileTime,/AwakeEventData/TCC4.AWAKE-SCOPE-CTR.CH1/FileRead,,1541784162000000000,"(1,)",int64
/AwakeEventData/TCC4.AWAKE-SCOPE-CTR.CH2/FileRead/channelRead,/AwakeEventData/TCC4.AWAKE-SCOPE-CTR.CH2/FileRead,,2,"(1,)",int32
/AwakeEventData/TCC4.AWAKE-SCOPE-CTR.CH2/FileRead/fileCount,/AwakeEventData/TCC4.AWAKE-SCOPE-CTR.CH2/FileRead,,1,"(1,)",int32
/AwakeEventData/TCC4.AWAKE-SCOPE-CTR.CH2/FileRead/fileName,/AwakeEventData/TCC4.AWAKE-SCOPE-CTR.CH2/FileRead,,20181109_104126820Wfm_Ch2.csv,"(1,)",|S29
/AwakeEventData/TCC4.AWAKE-SCOPE-CTR.CH2/FileRead/fileReadDelay,/AwakeEventData/TCC4.AWAKE-SCOPE-CTR.CH2/FileRead,,1707940000,"(1,)",int64
/AwakeEventData/TCC4.AWAKE-SCOPE-CTR.CH2/FileRead/fileTime,/AwakeEventData/TCC4.AWAKE-SCOPE-CTR.CH2/FileRead,,1541756576000000000,"(1,)",int64
/AwakeEventData/TCC4.AWAKE-SCOPE-CTR.CH4/FileRead/channelRead,/AwakeEventData/TCC4.AWAKE-SCOPE-CTR.CH4/FileRead,,4,"(1,)",int32
/AwakeEventData/TCC4.AWAKE-SCOPE-CTR.CH4/FileRead/fileCount,/AwakeEventData/TCC4.AWAKE-SCOPE-CTR.CH4/FileRead,,1,"(1,)",int32
/AwakeEventData/TCC4.AWAKE-SCOPE-CTR.CH4/FileRead/fileName,/AwakeEventData/TCC4.AWAKE-SCOPE-CTR.CH4/FileRead,,20180924_191336709Wfm_Ch4.csv,"(1,)",|S29
/AwakeEventData/TCC4.AWAKE-SCOPE-CTR.CH4/FileRead/fileReadDelay,/AwakeEventData/TCC4.AWAKE-SCOPE-CTR.CH4/FileRead,,578203000,"(1,)",int64
/AwakeEventData/TCC4.AWAKE-SCOPE-CTR.CH4/FileRead/fileTime,/AwakeEventData/TCC4.AWAKE-SCOPE-CTR.CH4/FileRead,,1537809336000000000,"(1,)",int64
/AwakeEventData/TSG40.AWAKE-LASER-CORRELATOR/FileRead/fileCount,/AwakeEventData/TSG40.AWAKE-LASER-CORRELATOR/FileRead,,1,"(1,)",int32
/AwakeEventData/TSG41.AWAKE-CTRHET-VDI/FileRead/fileCount,/AwakeEventData/TSG41.AWAKE-CTRHET-VDI/FileRead,,1,"(1,)",int32
/AwakeEventData/TSG41.AWAKE-CTRHET-VDI/FileRead/fileName,/AwakeEventData/TSG41.AWAKE-CTRHET-VDI/FileRead,,HP_fLO_setting_WR4_1541780435000000000.txt,"(1,)",|S42
/AwakeEventData/TSG41.AWAKE-CTRHET-VDI/FileRead/fileReadDelay,/AwakeEventData/TSG41.AWAKE-CTRHET-VDI/FileRead,,881274000,"(1,)",int64
/AwakeEventData/TSG41.AWAKE-CTRHET-VDI/FileRead/fileTime,/AwakeEventData/TSG41.AWAKE-CTRHET-VDI/FileRead,,1541784042000000000,"(1,)",int64
/AwakeEventData/TSG41.AWAKE-CTRHET-VDI/FileRead/floatValue,/AwakeEventData/TSG41.AWAKE-CTRHET-VDI/FileRead,,19.6,"(1,)",float64
/AwakeEventData/TSG41.AWAKE-CTRHET-VDI/FileRead/integerValue,/AwakeEventData/TSG41.AWAKE-CTRHET-VDI/FileRead,,0,"(1,)",int64
/AwakeEventData/TSG41.AWAKE-CTRHET-VDI/FileRead/stringValue,/AwakeEventData/TSG41.AWAKE-CTRHET-VDI/FileRead,,19.6,"(1,)",|S4
/AwakeEventData/TT41.AWAKE-PLASMA-SPECTRO-DOWN/FileRead/dataAcquisitionTime,/AwakeEventData/TT41.AWAKE-PLASMA-SPECTRO-DOWN/FileRead,,1541437701000000000,"(1,)",int64
/AwakeEventData/TT41.AWAKE-PLASMA-SPECTRO-DOWN/FileRead/fileCount,/AwakeEventData/TT41.AWAKE-PLASMA-SPECTRO-DOWN/FileRead,,1,"(1,)",int32
/AwakeEventData/TT41.AWAKE-PLASMA-SPECTRO-DOWN/FileRead/fileName,/AwakeEventData/TT41.AWAKE-PLASMA-SPECTRO-DOWN/FileRead,,85laser_110ms_011118_HR4D4202_0000035135.txt,"(1,)",|S44
/AwakeEventData/TT41.AWAKE-PLASMA-SPECTRO-DOWN/FileRead/fileReadDelay,/AwakeEventData/TT41.AWAKE-PLASMA-SPECTRO-DOWN/FileRead,,0,"(1,)",int64
/AwakeEventData/TT41.AWAKE-PLASMA-SPECTRO-DOWN/FileRead/fileTime,/AwakeEventData/TT41.AWAKE-PLASMA-SPECTRO-DOWN/FileRead,,1541437701000000000,"(1,)",int64
/AwakeEventData/TT41.AWAKE-PLASMA-SPECTRO-DOWN/FileRead/nPixels,/AwakeEventData/TT41.AWAKE-PLASMA-SPECTRO-DOWN/FileRead,,3648,"(1,)",int32
/AwakeEventData/TT41.AWAKE-PLASMA-SPECTRO-UP/FileRead/dataAcquisitionTime,/AwakeEventData/TT41.AWAKE-PLASMA-SPECTRO-UP/FileRead,,1541437697000000000,"(1,)",int64
/AwakeEventData/TT41.AWAKE-PLASMA-SPECTRO-UP/FileRead/fileCount,/AwakeEventData/TT41.AWAKE-PLASMA-SPECTRO-UP/FileRead,,1,"(1,)",int32
/AwakeEventData/TT41.AWAKE-PLASMA-SPECTRO-UP/FileRead/fileName,/AwakeEventData/TT41.AWAKE-PLASMA-SPECTRO-UP/FileRead,,85laser_33ms_011118_HR4D4171_0000031904.txt,"(1,)",|S43
/AwakeEventData/TT41.AWAKE-PLASMA-SPECTRO-UP/FileRead/fileReadDelay,/AwakeEventData/TT41.AWAKE-PLASMA-SPECTRO-UP/FileRead,,0,"(1,)",int64
/AwakeEventData/TT41.AWAKE-PLASMA-SPECTRO-UP/FileRead/fileTime,/AwakeEventData/TT41.AWAKE-PLASMA-SPECTRO-UP/FileRead,,1541437697000000000,"(1,)",int64
/AwakeEventData/TT41.AWAKE-PLASMA-SPECTRO-UP/FileRead/nPixels,/AwakeEventData/TT41.AWAKE-PLASMA-SPECTRO-UP/FileRead,,3648,"(1,)",int32
/AwakeEventData/TT41.AWAKE-eBLM-pico1/FileRead/dataAcquisitionTime,/AwakeEventData/TT41.AWAKE-eBLM-pico1/FileRead,,1900,"(1,)",int64
/AwakeEventData/TT41.AWAKE-eBLM-pico1/FileRead/fileCount,/AwakeEventData/TT41.AWAKE-eBLM-pico1/FileRead,,1,"(1,)",int32
/AwakeEventData/TT41.AWAKE-eBLM-pico1/FileRead/fileName,/AwakeEventData/TT41.AWAKE-eBLM-pico1/FileRead,,20180518-0001.txt,"(1,)",|S17
/AwakeEventData/TT41.AWAKE-eBLM-pico1/FileRead/fileReadDelay,/AwakeEventData/TT41.AWAKE-eBLM-pico1/FileRead,,0,"(1,)",int64
/AwakeEventData/TT41.AWAKE-eBLM-pico1/FileRead/nPixels,/AwakeEventData/TT41.AWAKE-eBLM-pico1/FileRead,,0,"(1,)",int32
/AwakeEventData/TT41.AWAKE-eBLM-pico2/FileRead/dataAcquisitionTime,/AwakeEventData/TT41.AWAKE-eBLM-pico2/FileRead,,1900,"(1,)",int64
/AwakeEventData/TT41.AWAKE-eBLM-pico2/FileRead/fileCount,/AwakeEventData/TT41.AWAKE-eBLM-pico2/FileRead,,1,"(1,)",int32
/AwakeEventData/TT41.AWAKE-eBLM-pico2/FileRead/fileName,/AwakeEventData/TT41.AWAKE-eBLM-pico2/FileRead,,20180518-0001.txt,"(1,)",|S17
/AwakeEventData/TT41.AWAKE-eBLM-pico2/FileRead/fileReadDelay,/AwakeEventData/TT41.AWAKE-eBLM-pico2/FileRead,,0,"(1,)",int64
/AwakeEventData/TT41.AWAKE-eBLM-pico2/FileRead/nPixels,/AwakeEventData/TT41.AWAKE-eBLM-pico2/FileRead,,0,"(1,)",int32
/AwakeEventData/TT41.AWAKE-eBLM-pico3/FileRead/dataAcquisitionTime,/AwakeEventData/TT41.AWAKE-eBLM-pico3/FileRead,,1900,"(1,)",int64
/AwakeEventData/TT41.AWAKE-eBLM-pico3/FileRead/fileCount,/AwakeEventData/TT41.AWAKE-eBLM-pico3/FileRead,,1,"(1,)",int32
/AwakeEventData/TT41.AWAKE-eBLM-pico3/FileRead/fileName,/AwakeEventData/TT41.AWAKE-eBLM-pico3/FileRead,,20180518-0001.txt,"(1,)",|S17
/AwakeEventData/TT41.AWAKE-eBLM-pico3/FileRead/fileReadDelay,/AwakeEventData/TT41.AWAKE-eBLM-pico3/FileRead,,0,"(1,)",int64
/AwakeEventData/TT41.AWAKE-eBLM-pico3/FileRead/nPixels,/AwakeEventData/TT41.AWAKE-eBLM-pico3/FileRead,,0,"(1,)",int32
/AwakeEventData/TT41.BCTF.412340/Acquisition/beamDestinationStr,/AwakeEventData/TT41.BCTF.412340/Acquisition,,AWAKE,"(1,)",|S5
/AwakeEventData/TT41.BCTF.412340/Acquisition/beamID,/AwakeEventData/TT41.BCTF.412340/Acquisition,,0,"(1,)",int32
/AwakeEventData/TT41.BCTF.412340/Acquisition/calStatusCh1,/AwakeEventData/TT41.BCTF.412340/Acquisition,,2,"(1,)",int16
/AwakeEventData/TT41.BCTF.412340/Acquisition/calStatusCh2,/AwakeEventData/TT41.BCTF.412340/Acquisition,,2,"(1,)",int16
/AwakeEventData/TT41.BCTF.412340/Acquisition/calibratorIMeasuredCh2,/AwakeEventData/TT41.BCTF.412340/Acquisition,,0.0,"(1,)",float32
/AwakeEventData/TT41.BCTF.412340/Acquisition/calibratorVActual,/AwakeEventData/TT41.BCTF.412340/Acquisition,,30.317999,"(1,)",float32
/AwakeEventData/TT41.BCTF.412340/Acquisition/commonStatus,/AwakeEventData/TT41.BCTF.412340/Acquisition,,8510,"(1,)",int16
/AwakeEventData/TT41.BCTF.412340/Acquisition/descriptionCh1,/AwakeEventData/TT41.BCTF.412340/Acquisition,,5,"(1,)",|S1
/AwakeEventData/TT41.BCTF.412340/Acquisition/descriptionCh2,/AwakeEventData/TT41.BCTF.412340/Acquisition,,5,"(1,)",|S1
/AwakeEventData/TT41.BCTF.412340/Acquisition/measStatusCh1,/AwakeEventData/TT41.BCTF.412340/Acquisition,,2,"(1,)",int16
/AwakeEventData/TT41.BCTF.412340/Acquisition/measStatusCh2,/AwakeEventData/TT41.BCTF.412340/Acquisition,,2,"(1,)",int16
/AwakeEventData/TT41.BCTF.412340/Acquisition/nbOfMeas,/AwakeEventData/TT41.BCTF.412340/Acquisition,,1,"(1,)",int32
/AwakeEventData/TT41.BCTF.412340/Acquisition/totalIntensity_unit,/AwakeEventData/TT41.BCTF.412340/Acquisition,,6,"(1,)",int32
/AwakeEventData/TT41.BCTF.412340/Acquisition/totalIntensity_unitExponent,/AwakeEventData/TT41.BCTF.412340/Acquisition,,10,"(1,)",int32
/AwakeEventData/TT41.BPM.412349_HF/Acquisition/horAvePos,/AwakeEventData/TT41.BPM.412349_HF/Acquisition,,nan,"(1,)",float32
/AwakeEventData/TT41.BPM.412349_HF/Acquisition/sigmaAvePos,/AwakeEventData/TT41.BPM.412349_HF/Acquisition,,0.0,"(1,)",float32
/AwakeEventData/TT41.BPM.412349_HF/Acquisition/verAvePos,/AwakeEventData/TT41.BPM.412349_HF/Acquisition,,nan,"(1,)",float32
/AwakeEventData/TT41.BPM.412351_HF/Acquisition/horAvePos,/AwakeEventData/TT41.BPM.412351_HF/Acquisition,,nan,"(1,)",float32
/AwakeEventData/TT41.BPM.412351_HF/Acquisition/sigmaAvePos,/AwakeEventData/TT41.BPM.412351_HF/Acquisition,,0.0,"(1,)",float32
/AwakeEventData/TT41.BPM.412351_HF/Acquisition/verAvePos,/AwakeEventData/TT41.BPM.412351_HF/Acquisition,,nan,"(1,)",float32
/AwakeEventData/TT41.BTV.412350/Acquisition/acqCounter,/AwakeEventData/TT41.BTV.412350/Acquisition,,11601,"(1,)",int32
/AwakeEventData/TT41.BTV.412350/Acquisition/acqDesc,/AwakeEventData/TT41.BTV.412350/Acquisition,,RTT ACQ,"(1,)",|S7
/AwakeEventData/TT41.BTV.412350/Acquisition/acqMsg,/AwakeEventData/TT41.BTV.412350/Acquisition,,OK,"(1,)",|S2
/AwakeEventData/TT41.BTV.412350/Acquisition/acqState,/AwakeEventData/TT41.BTV.412350/Acquisition,,0,"(1,)",int32
/AwakeEventData/TT41.BTV.412350/Acquisition/acqTime,/AwakeEventData/TT41.BTV.412350/Acquisition,,2018/11/09 14:25:09.254995,"(1,)",|S26
/AwakeEventData/TT41.BTV.412350/Acquisition/acqTimeInCycle,/AwakeEventData/TT41.BTV.412350/Acquisition,,5519.0,"(1,)",float64
/AwakeEventData/TT41.BTV.412350/Acquisition/amplitudeSet1,/AwakeEventData/TT41.BTV.412350/Acquisition,,1732.8444029264838,"(1,)",float64
/AwakeEventData/TT41.BTV.412350/Acquisition/amplitudeSet2,/AwakeEventData/TT41.BTV.412350/Acquisition,,31438.11513229742,"(1,)",float64
/AwakeEventData/TT41.BTV.412350/Acquisition/cameraOffset,/AwakeEventData/TT41.BTV.412350/Acquisition,,0,"(1,)",int16
/AwakeEventData/TT41.BTV.412350/Acquisition/cameraOffset_max,/AwakeEventData/TT41.BTV.412350/Acquisition,,2000,"(1,)",int16
/AwakeEventData/TT41.BTV.412350/Acquisition/cameraOffset_min,/AwakeEventData/TT41.BTV.412350/Acquisition,,-2000,"(1,)",int16
/AwakeEventData/TT41.BTV.412350/Acquisition/cameraSwitch,/AwakeEventData/TT41.BTV.412350/Acquisition,,3,"(1,)",int32
/AwakeEventData/TT41.BTV.412350/Acquisition/cameraZoom,/AwakeEventData/TT41.BTV.412350/Acquisition,,0,"(1,)",int32
/AwakeEventData/TT41.BTV.412350/Acquisition/cycleTime,/AwakeEventData/TT41.BTV.412350/Acquisition,,1970/01/01 00:00:00.000000,"(1,)",|S26
/AwakeEventData/TT41.BTV.412350/Acquisition/descSet1,/AwakeEventData/TT41.BTV.412350/Acquisition,,Horizontal projection,"(1,)",|S21
/AwakeEventData/TT41.BTV.412350/Acquisition/descSet2,/AwakeEventData/TT41.BTV.412350/Acquisition,,Vertical projection,"(1,)",|S19
/AwakeEventData/TT41.BTV.412350/Acquisition/deviceName,/AwakeEventData/TT41.BTV.412350/Acquisition,,TT41.BTV.412350,"(1,)",|S15
/AwakeEventData/TT41.BTV.412350/Acquisition/filterSelect,/AwakeEventData/TT41.BTV.412350/Acquisition,,3,"(1,)",int32
/AwakeEventData/TT41.BTV.412350/Acquisition/filterSelect_max,/AwakeEventData/TT41.BTV.412350/Acquisition,,3,"(1,)",int32
/AwakeEventData/TT41.BTV.412350/Acquisition/filterSelect_min,/AwakeEventData/TT41.BTV.412350/Acquisition,,-1,"(1,)",int32
/AwakeEventData/TT41.BTV.412350/Acquisition/firstLamp,/AwakeEventData/TT41.BTV.412350/Acquisition,,0,"(1,)",int16
/AwakeEventData/TT41.BTV.412350/Acquisition/firstLamp_max,/AwakeEventData/TT41.BTV.412350/Acquisition,,1000,"(1,)",int16
/AwakeEventData/TT41.BTV.412350/Acquisition/firstLamp_min,/AwakeEventData/TT41.BTV.412350/Acquisition,,0,"(1,)",int16
/AwakeEventData/TT41.BTV.412350/Acquisition/mire,/AwakeEventData/TT41.BTV.412350/Acquisition,,0,"(1,)",int32
/AwakeEventData/TT41.BTV.412350/Acquisition/nbAcq,/AwakeEventData/TT41.BTV.412350/Acquisition,,1,"(1,)",int32
/AwakeEventData/TT41.BTV.412350/Acquisition/nbDataSets,/AwakeEventData/TT41.BTV.412350/Acquisition,,2,"(1,)",int32
/AwakeEventData/TT41.BTV.412350/Acquisition/nbGates,/AwakeEventData/TT41.BTV.412350/Acquisition,,1,"(1,)",int32
/AwakeEventData/TT41.BTV.412350/Acquisition/nbPtsPerProjInSet1,/AwakeEventData/TT41.BTV.412350/Acquisition,,400,"(1,)",int32
/AwakeEventData/TT41.BTV.412350/Acquisition/nbPtsPerProjInSet2,/AwakeEventData/TT41.BTV.412350/Acquisition,,300,"(1,)",int32
/AwakeEventData/TT41.BTV.412350/Acquisition/observables,/AwakeEventData/TT41.BTV.412350/Acquisition,,0,"(1,)",int32
/AwakeEventData/TT41.BTV.412350/Acquisition/offsetSet1,/AwakeEventData/TT41.BTV.412350/Acquisition,,[7548.89783103],"(1, 1)",float64
/AwakeEventData/TT41.BTV.412350/Acquisition/offsetSet2,/AwakeEventData/TT41.BTV.412350/Acquisition,,[-18462.73778296],"(1, 1)",float64
/AwakeEventData/TT41.BTV.412350/Acquisition/planeSet1,/AwakeEventData/TT41.BTV.412350/Acquisition,,1,"(1,)",int32
/AwakeEventData/TT41.BTV.412350/Acquisition/planeSet2,/AwakeEventData/TT41.BTV.412350/Acquisition,,2,"(1,)",int32
/AwakeEventData/TT41.BTV.412350/Acquisition/positionSet1,/AwakeEventData/TT41.BTV.412350/Acquisition,,-3.486782456934266,"(1,)",float64
/AwakeEventData/TT41.BTV.412350/Acquisition/positionSet2,/AwakeEventData/TT41.BTV.412350/Acquisition,,0.7518959765084914,"(1,)",float64
/AwakeEventData/TT41.BTV.412350/Acquisition/propType,/AwakeEventData/TT41.BTV.412350/Acquisition,,2,"(1,)",int32
/AwakeEventData/TT41.BTV.412350/Acquisition/saturationThreshold,/AwakeEventData/TT41.BTV.412350/Acquisition,,0,"(1,)",int16
/AwakeEventData/TT41.BTV.412350/Acquisition/screenSelect,/AwakeEventData/TT41.BTV.412350/Acquisition,,0,"(1,)",int32
/AwakeEventData/TT41.BTV.412350/Acquisition/screenSelect_max,/AwakeEventData/TT41.BTV.412350/Acquisition,,3,"(1,)",int32
/AwakeEventData/TT41.BTV.412350/Acquisition/screenSelect_min,/AwakeEventData/TT41.BTV.412350/Acquisition,,-1,"(1,)",int32
/AwakeEventData/TT41.BTV.412350/Acquisition/secondLamp,/AwakeEventData/TT41.BTV.412350/Acquisition,,0,"(1,)",int16
/AwakeEventData/TT41.BTV.412350/Acquisition/secondLamp_max,/AwakeEventData/TT41.BTV.412350/Acquisition,,1000,"(1,)",int16
/AwakeEventData/TT41.BTV.412350/Acquisition/secondLamp_min,/AwakeEventData/TT41.BTV.412350/Acquisition,,0,"(1,)",int16
/AwakeEventData/TT41.BTV.412350/Acquisition/sigmaSet1,/AwakeEventData/TT41.BTV.412350/Acquisition,,0.044476761399007456,"(1,)",float64
/AwakeEventData/TT41.BTV.412350/Acquisition/sigmaSet2,/AwakeEventData/TT41.BTV.412350/Acquisition,,3.7210371304088734,"(1,)",float64
/AwakeEventData/TT41.BTV.412350/Acquisition/superCycleNb,/AwakeEventData/TT41.BTV.412350/Acquisition,,15,"(1,)",int32
/AwakeEventData/TT41.BTV.412350/Acquisition/tgSet1,/AwakeEventData/TT41.BTV.412350/Acquisition,,[4.98214286],"(1, 1)",float64
/AwakeEventData/TT41.BTV.412350/Acquisition/tgSet2,/AwakeEventData/TT41.BTV.412350/Acquisition,,[0.29538165],"(1, 1)",float64
/AwakeEventData/TT41.BTV.412350/Acquisition/userImageSelectionNumber,/AwakeEventData/TT41.BTV.412350/Acquisition,,1,"(1,)",int16
/AwakeEventData/TT41.BTV.412350/Acquisition/videoGain,/AwakeEventData/TT41.BTV.412350/Acquisition,,0,"(1,)",int32
/AwakeEventData/TT41.BTV.412350/Image/acqCounter,/AwakeEventData/TT41.BTV.412350/Image,,11601,"(1,)",int32
/AwakeEventData/TT41.BTV.412350/Image/acqDesc,/AwakeEventData/TT41.BTV.412350/Image,,RTT ACQ,"(1,)",|S7
/AwakeEventData/TT41.BTV.412350/Image/acqMsg,/AwakeEventData/TT41.BTV.412350/Image,,OK,"(1,)",|S2
/AwakeEventData/TT41.BTV.412350/Image/acqState,/AwakeEventData/TT41.BTV.412350/Image,,0,"(1,)",int32
/AwakeEventData/TT41.BTV.412350/Image/acqTime,/AwakeEventData/TT41.BTV.412350/Image,,2018/11/09 14:25:09.254995,"(1,)",|S26
/AwakeEventData/TT41.BTV.412350/Image/acqTimeInCycle,/AwakeEventData/TT41.BTV.412350/Image,,5519.0,"(1,)",float64
/AwakeEventData/TT41.BTV.412350/Image/amplitudeSet1,/AwakeEventData/TT41.BTV.412350/Image,,1732.8444029264838,"(1,)",float64
/AwakeEventData/TT41.BTV.412350/Image/amplitudeSet2,/AwakeEventData/TT41.BTV.412350/Image,,31438.11513229742,"(1,)",float64
/AwakeEventData/TT41.BTV.412350/Image/cameraOffset,/AwakeEventData/TT41.BTV.412350/Image,,0,"(1,)",int16
/AwakeEventData/TT41.BTV.412350/Image/cameraOffset_max,/AwakeEventData/TT41.BTV.412350/Image,,2000,"(1,)",int16
/AwakeEventData/TT41.BTV.412350/Image/cameraOffset_min,/AwakeEventData/TT41.BTV.412350/Image,,-2000,"(1,)",int16
/AwakeEventData/TT41.BTV.412350/Image/cameraSwitch,/AwakeEventData/TT41.BTV.412350/Image,,3,"(1,)",int32
/AwakeEventData/TT41.BTV.412350/Image/cameraZoom,/AwakeEventData/TT41.BTV.412350/Image,,0,"(1,)",int32
/AwakeEventData/TT41.BTV.412350/Image/cycleTime,/AwakeEventData/TT41.BTV.412350/Image,,1970/01/01 00:00:00.000000,"(1,)",|S26
/AwakeEventData/TT41.BTV.412350/Image/descSet1,/AwakeEventData/TT41.BTV.412350/Image,,Horizontal projection,"(1,)",|S21
/AwakeEventData/TT41.BTV.412350/Image/descSet2,/AwakeEventData/TT41.BTV.412350/Image,,Vertical projection,"(1,)",|S19
/AwakeEventData/TT41.BTV.412350/Image/deviceName,/AwakeEventData/TT41.BTV.412350/Image,,TT41.BTV.412350,"(1,)",|S15
/AwakeEventData/TT41.BTV.412350/Image/filterSelect,/AwakeEventData/TT41.BTV.412350/Image,,3,"(1,)",int32
/AwakeEventData/TT41.BTV.412350/Image/filterSelect_max,/AwakeEventData/TT41.BTV.412350/Image,,3,"(1,)",int32
/AwakeEventData/TT41.BTV.412350/Image/filterSelect_min,/AwakeEventData/TT41.BTV.412350/Image,,-1,"(1,)",int32
/AwakeEventData/TT41.BTV.412350/Image/firstLamp,/AwakeEventData/TT41.BTV.412350/Image,,0,"(1,)",int16
/AwakeEventData/TT41.BTV.412350/Image/firstLamp_max,/AwakeEventData/TT41.BTV.412350/Image,,1000,"(1,)",int16
/AwakeEventData/TT41.BTV.412350/Image/firstLamp_min,/AwakeEventData/TT41.BTV.412350/Image,,0,"(1,)",int16
/AwakeEventData/TT41.BTV.412350/Image/imagePositionSet1_unit,/AwakeEventData/TT41.BTV.412350/Image,,mm,"(1,)",|S2
/AwakeEventData/TT41.BTV.412350/Image/imagePositionSet2_unit,/AwakeEventData/TT41.BTV.412350/Image,,mm,"(1,)",|S2
/AwakeEventData/TT41.BTV.412350/Image/mire,/AwakeEventData/TT41.BTV.412350/Image,,0,"(1,)",int32
/AwakeEventData/TT41.BTV.412350/Image/nbAcq,/AwakeEventData/TT41.BTV.412350/Image,,1,"(1,)",int32
/AwakeEventData/TT41.BTV.412350/Image/nbDataSets,/AwakeEventData/TT41.BTV.412350/Image,,2,"(1,)",int32
/AwakeEventData/TT41.BTV.412350/Image/nbImages,/AwakeEventData/TT41.BTV.412350/Image,,1,"(1,)",int32
/AwakeEventData/TT41.BTV.412350/Image/nbPtsInSet1,/AwakeEventData/TT41.BTV.412350/Image,,400,"(1,)",int32
/AwakeEventData/TT41.BTV.412350/Image/nbPtsInSet2,/AwakeEventData/TT41.BTV.412350/Image,,300,"(1,)",int32
/AwakeEventData/TT41.BTV.412350/Image/observables,/AwakeEventData/TT41.BTV.412350/Image,,0,"(1,)",int32
/AwakeEventData/TT41.BTV.412350/Image/planeSet1,/AwakeEventData/TT41.BTV.412350/Image,,1,"(1,)",int32
/AwakeEventData/TT41.BTV.412350/Image/planeSet2,/AwakeEventData/TT41.BTV.412350/Image,,2,"(1,)",int32
/AwakeEventData/TT41.BTV.412350/Image/positionSet1,/AwakeEventData/TT41.BTV.412350/Image,,-3.486782456934266,"(1,)",float64
/AwakeEventData/TT41.BTV.412350/Image/positionSet2,/AwakeEventData/TT41.BTV.412350/Image,,0.7518959765084914,"(1,)",float64
/AwakeEventData/TT41.BTV.412350/Image/propType,/AwakeEventData/TT41.BTV.412350/Image,,5,"(1,)",int32
/AwakeEventData/TT41.BTV.412350/Image/saturationThreshold,/AwakeEventData/TT41.BTV.412350/Image,,0,"(1,)",int16
/AwakeEventData/TT41.BTV.412350/Image/screenSelect,/AwakeEventData/TT41.BTV.412350/Image,,0,"(1,)",int32
/AwakeEventData/TT41.BTV.412350/Image/screenSelect_max,/AwakeEventData/TT41.BTV.412350/Image,,3,"(1,)",int32
/AwakeEventData/TT41.BTV.412350/Image/screenSelect_min,/AwakeEventData/TT41.BTV.412350/Image,,-1,"(1,)",int32
/AwakeEventData/TT41.BTV.412350/Image/secondLamp,/AwakeEventData/TT41.BTV.412350/Image,,0,"(1,)",int16
/AwakeEventData/TT41.BTV.412350/Image/secondLamp_max,/AwakeEventData/TT41.BTV.412350/Image,,1000,"(1,)",int16
/AwakeEventData/TT41.BTV.412350/Image/secondLamp_min,/AwakeEventData/TT41.BTV.412350/Image,,0,"(1,)",int16
/AwakeEventData/TT41.BTV.412350/Image/sigmaSet1,/AwakeEventData/TT41.BTV.412350/Image,,0.044476761399007456,"(1,)",float64
/AwakeEventData/TT41.BTV.412350/Image/sigmaSet2,/AwakeEventData/TT41.BTV.412350/Image,,3.7210371304088734,"(1,)",float64
/AwakeEventData/TT41.BTV.412350/Image/superCycleNb,/AwakeEventData/TT41.BTV.412350/Image,,15,"(1,)",int32
/AwakeEventData/TT41.BTV.412350/Image/userImageSelectionNumber,/AwakeEventData/TT41.BTV.412350/Image,,1,"(1,)",int16
/AwakeEventData/TT41.BTV.412350/Image/videoGain,/AwakeEventData/TT41.BTV.412350/Image,,0,"(1,)",int32
/AwakeEventData/TT41.BTV.412353/Acquisition/acqCounter,/AwakeEventData/TT41.BTV.412353/Acquisition,,12559,"(1,)",int32
/AwakeEventData/TT41.BTV.412353/Acquisition/acqDesc,/AwakeEventData/TT41.BTV.412353/Acquisition,,RTT ACQ,"(1,)",|S7
/AwakeEventData/TT41.BTV.412353/Acquisition/acqMsg,/AwakeEventData/TT41.BTV.412353/Acquisition,,OK,"(1,)",|S2
/AwakeEventData/TT41.BTV.412353/Acquisition/acqState,/AwakeEventData/TT41.BTV.412353/Acquisition,,0,"(1,)",int32
/AwakeEventData/TT41.BTV.412353/Acquisition/acqTime,/AwakeEventData/TT41.BTV.412353/Acquisition,,2018/11/09 14:25:09.255295,"(1,)",|S26
/AwakeEventData/TT41.BTV.412353/Acquisition/acqTimeInCycle,/AwakeEventData/TT41.BTV.412353/Acquisition,,5519.0,"(1,)",float64
/AwakeEventData/TT41.BTV.412353/Acquisition/amplitudeSet1,/AwakeEventData/TT41.BTV.412353/Acquisition,,2416.5293322365537,"(1,)",float64
/AwakeEventData/TT41.BTV.412353/Acquisition/amplitudeSet2,/AwakeEventData/TT41.BTV.412353/Acquisition,,1776.9587471396605,"(1,)",float64
/AwakeEventData/TT41.BTV.412353/Acquisition/beamID,/AwakeEventData/TT41.BTV.412353/Acquisition,,42716,"(1,)",int32
/AwakeEventData/TT41.BTV.412353/Acquisition/cameraOffset,/AwakeEventData/TT41.BTV.412353/Acquisition,,0,"(1,)",int16
/AwakeEventData/TT41.BTV.412353/Acquisition/cameraOffset_max,/AwakeEventData/TT41.BTV.412353/Acquisition,,2000,"(1,)",int16
/AwakeEventData/TT41.BTV.412353/Acquisition/cameraOffset_min,/AwakeEventData/TT41.BTV.412353/Acquisition,,-2000,"(1,)",int16
/AwakeEventData/TT41.BTV.412353/Acquisition/cameraSwitch,/AwakeEventData/TT41.BTV.412353/Acquisition,,3,"(1,)",int32
/AwakeEventData/TT41.BTV.412353/Acquisition/cameraZoom,/AwakeEventData/TT41.BTV.412353/Acquisition,,0,"(1,)",int32
/AwakeEventData/TT41.BTV.412353/Acquisition/cycleTime,/AwakeEventData/TT41.BTV.412353/Acquisition,,1970/01/01 00:00:00.000000,"(1,)",|S26
/AwakeEventData/TT41.BTV.412353/Acquisition/descSet1,/AwakeEventData/TT41.BTV.412353/Acquisition,,Horizontal projection,"(1,)",|S21
/AwakeEventData/TT41.BTV.412353/Acquisition/descSet2,/AwakeEventData/TT41.BTV.412353/Acquisition,,Vertical projection,"(1,)",|S19
/AwakeEventData/TT41.BTV.412353/Acquisition/deviceName,/AwakeEventData/TT41.BTV.412353/Acquisition,,TT41.BTV.412353,"(1,)",|S15
/AwakeEventData/TT41.BTV.412353/Acquisition/filterSelect,/AwakeEventData/TT41.BTV.412353/Acquisition,,0,"(1,)",int32
/AwakeEventData/TT41.BTV.412353/Acquisition/filterSelect_max,/AwakeEventData/TT41.BTV.412353/Acquisition,,3,"(1,)",int32
/AwakeEventData/TT41.BTV.412353/Acquisition/filterSelect_min,/AwakeEventData/TT41.BTV.412353/Acquisition,,-1,"(1,)",int32
/AwakeEventData/TT41.BTV.412353/Acquisition/firstLamp,/AwakeEventData/TT41.BTV.412353/Acquisition,,0,"(1,)",int16
/AwakeEventData/TT41.BTV.412353/Acquisition/firstLamp_max,/AwakeEventData/TT41.BTV.412353/Acquisition,,1000,"(1,)",int16
/AwakeEventData/TT41.BTV.412353/Acquisition/firstLamp_min,/AwakeEventData/TT41.BTV.412353/Acquisition,,0,"(1,)",int16
/AwakeEventData/TT41.BTV.412353/Acquisition/mire,/AwakeEventData/TT41.BTV.412353/Acquisition,,0,"(1,)",int32
/AwakeEventData/TT41.BTV.412353/Acquisition/nbAcq,/AwakeEventData/TT41.BTV.412353/Acquisition,,1,"(1,)",int32
/AwakeEventData/TT41.BTV.412353/Acquisition/nbDataSets,/AwakeEventData/TT41.BTV.412353/Acquisition,,2,"(1,)",int32
/AwakeEventData/TT41.BTV.412353/Acquisition/nbGates,/AwakeEventData/TT41.BTV.412353/Acquisition,,1,"(1,)",int32
/AwakeEventData/TT41.BTV.412353/Acquisition/nbPtsPerProjInSet1,/AwakeEventData/TT41.BTV.412353/Acquisition,,400,"(1,)",int32
/AwakeEventData/TT41.BTV.412353/Acquisition/nbPtsPerProjInSet2,/AwakeEventData/TT41.BTV.412353/Acquisition,,300,"(1,)",int32
/AwakeEventData/TT41.BTV.412353/Acquisition/observables,/AwakeEventData/TT41.BTV.412353/Acquisition,,0,"(1,)",int32
/AwakeEventData/TT41.BTV.412353/Acquisition/offsetSet1,/AwakeEventData/TT41.BTV.412353/Acquisition,,[-0.24871771],"(1, 1)",float64
/AwakeEventData/TT41.BTV.412353/Acquisition/offsetSet2,/AwakeEventData/TT41.BTV.412353/Acquisition,,[2033.41657857],"(1, 1)",float64
/AwakeEventData/TT41.BTV.412353/Acquisition/planeSet1,/AwakeEventData/TT41.BTV.412353/Acquisition,,1,"(1,)",int32
/AwakeEventData/TT41.BTV.412353/Acquisition/planeSet2,/AwakeEventData/TT41.BTV.412353/Acquisition,,2,"(1,)",int32
/AwakeEventData/TT41.BTV.412353/Acquisition/positionSet1,/AwakeEventData/TT41.BTV.412353/Acquisition,,4.230022495036249,"(1,)",float64
/AwakeEventData/TT41.BTV.412353/Acquisition/positionSet2,/AwakeEventData/TT41.BTV.412353/Acquisition,,-1.2614435598022449,"(1,)",float64
/AwakeEventData/TT41.BTV.412353/Acquisition/propType,/AwakeEventData/TT41.BTV.412353/Acquisition,,2,"(1,)",int32
/AwakeEventData/TT41.BTV.412353/Acquisition/saturationThreshold,/AwakeEventData/TT41.BTV.412353/Acquisition,,0,"(1,)",int16
/AwakeEventData/TT41.BTV.412353/Acquisition/screenSelect,/AwakeEventData/TT41.BTV.412353/Acquisition,,0,"(1,)",int32
/AwakeEventData/TT41.BTV.412353/Acquisition/screenSelect_max,/AwakeEventData/TT41.BTV.412353/Acquisition,,3,"(1,)",int32
/AwakeEventData/TT41.BTV.412353/Acquisition/screenSelect_min,/AwakeEventData/TT41.BTV.412353/Acquisition,,-1,"(1,)",int32
/AwakeEventData/TT41.BTV.412353/Acquisition/secondLamp,/AwakeEventData/TT41.BTV.412353/Acquisition,,0,"(1,)",int16
/AwakeEventData/TT41.BTV.412353/Acquisition/secondLamp_max,/AwakeEventData/TT41.BTV.412353/Acquisition,,1000,"(1,)",int16
/AwakeEventData/TT41.BTV.412353/Acquisition/secondLamp_min,/AwakeEventData/TT41.BTV.412353/Acquisition,,0,"(1,)",int16
/AwakeEventData/TT41.BTV.412353/Acquisition/sigmaSet1,/AwakeEventData/TT41.BTV.412353/Acquisition,,0.07845919389702373,"(1,)",float64
/AwakeEventData/TT41.BTV.412353/Acquisition/sigmaSet2,/AwakeEventData/TT41.BTV.412353/Acquisition,,0.04494891524355061,"(1,)",float64
/AwakeEventData/TT41.BTV.412353/Acquisition/superCycleNb,/AwakeEventData/TT41.BTV.412353/Acquisition,,15,"(1,)",int32
/AwakeEventData/TT41.BTV.412353/Acquisition/tgSet1,/AwakeEventData/TT41.BTV.412353/Acquisition,,[0.],"(1, 1)",float64
/AwakeEventData/TT41.BTV.412353/Acquisition/tgSet2,/AwakeEventData/TT41.BTV.412353/Acquisition,,[36.07954545],"(1, 1)",float64
/AwakeEventData/TT41.BTV.412353/Acquisition/userImageSelectionNumber,/AwakeEventData/TT41.BTV.412353/Acquisition,,1,"(1,)",int16
/AwakeEventData/TT41.BTV.412353/Acquisition/videoGain,/AwakeEventData/TT41.BTV.412353/Acquisition,,0,"(1,)",int32
/AwakeEventData/TT41.BTV.412353/Image/acqCounter,/AwakeEventData/TT41.BTV.412353/Image,,12559,"(1,)",int32
/AwakeEventData/TT41.BTV.412353/Image/acqDesc,/AwakeEventData/TT41.BTV.412353/Image,,RTT ACQ,"(1,)",|S7
/AwakeEventData/TT41.BTV.412353/Image/acqMsg,/AwakeEventData/TT41.BTV.412353/Image,,OK,"(1,)",|S2
/AwakeEventData/TT41.BTV.412353/Image/acqState,/AwakeEventData/TT41.BTV.412353/Image,,0,"(1,)",int32
/AwakeEventData/TT41.BTV.412353/Image/acqTime,/AwakeEventData/TT41.BTV.412353/Image,,2018/11/09 14:25:09.255295,"(1,)",|S26
/AwakeEventData/TT41.BTV.412353/Image/acqTimeInCycle,/AwakeEventData/TT41.BTV.412353/Image,,5519.0,"(1,)",float64
/AwakeEventData/TT41.BTV.412353/Image/amplitudeSet1,/AwakeEventData/TT41.BTV.412353/Image,,2416.5293322365537,"(1,)",float64
/AwakeEventData/TT41.BTV.412353/Image/amplitudeSet2,/AwakeEventData/TT41.BTV.412353/Image,,1776.9587471396605,"(1,)",float64
/AwakeEventData/TT41.BTV.412353/Image/beamID,/AwakeEventData/TT41.BTV.412353/Image,,42716,"(1,)",int32
/AwakeEventData/TT41.BTV.412353/Image/cameraOffset,/AwakeEventData/TT41.BTV.412353/Image,,0,"(1,)",int16
/AwakeEventData/TT41.BTV.412353/Image/cameraOffset_max,/AwakeEventData/TT41.BTV.412353/Image,,2000,"(1,)",int16
/AwakeEventData/TT41.BTV.412353/Image/cameraOffset_min,/AwakeEventData/TT41.BTV.412353/Image,,-2000,"(1,)",int16
/AwakeEventData/TT41.BTV.412353/Image/cameraSwitch,/AwakeEventData/TT41.BTV.412353/Image,,3,"(1,)",int32
/AwakeEventData/TT41.BTV.412353/Image/cameraZoom,/AwakeEventData/TT41.BTV.412353/Image,,0,"(1,)",int32
/AwakeEventData/TT41.BTV.412353/Image/cycleTime,/AwakeEventData/TT41.BTV.412353/Image,,1970/01/01 00:00:00.000000,"(1,)",|S26
/AwakeEventData/TT41.BTV.412353/Image/descSet1,/AwakeEventData/TT41.BTV.412353/Image,,Horizontal projection,"(1,)",|S21
/AwakeEventData/TT41.BTV.412353/Image/descSet2,/AwakeEventData/TT41.BTV.412353/Image,,Vertical projection,"(1,)",|S19
/AwakeEventData/TT41.BTV.412353/Image/deviceName,/AwakeEventData/TT41.BTV.412353/Image,,TT41.BTV.412353,"(1,)",|S15
/AwakeEventData/TT41.BTV.412353/Image/filterSelect,/AwakeEventData/TT41.BTV.412353/Image,,0,"(1,)",int32
/AwakeEventData/TT41.BTV.412353/Image/filterSelect_max,/AwakeEventData/TT41.BTV.412353/Image,,3,"(1,)",int32
/AwakeEventData/TT41.BTV.412353/Image/filterSelect_min,/AwakeEventData/TT41.BTV.412353/Image,,-1,"(1,)",int32
/AwakeEventData/TT41.BTV.412353/Image/firstLamp,/AwakeEventData/TT41.BTV.412353/Image,,0,"(1,)",int16
/AwakeEventData/TT41.BTV.412353/Image/firstLamp_max,/AwakeEventData/TT41.BTV.412353/Image,,1000,"(1,)",int16
/AwakeEventData/TT41.BTV.412353/Image/firstLamp_min,/AwakeEventData/TT41.BTV.412353/Image,,0,"(1,)",int16
/AwakeEventData/TT41.BTV.412353/Image/imagePositionSet1_unit,/AwakeEventData/TT41.BTV.412353/Image,,mm,"(1,)",|S2
/AwakeEventData/TT41.BTV.412353/Image/imagePositionSet2_unit,/AwakeEventData/TT41.BTV.412353/Image,,mm,"(1,)",|S2
/AwakeEventData/TT41.BTV.412353/Image/mire,/AwakeEventData/TT41.BTV.412353/Image,,0,"(1,)",int32
/AwakeEventData/TT41.BTV.412353/Image/nbAcq,/AwakeEventData/TT41.BTV.412353/Image,,1,"(1,)",int32
/AwakeEventData/TT41.BTV.412353/Image/nbDataSets,/AwakeEventData/TT41.BTV.412353/Image,,2,"(1,)",int32
/AwakeEventData/TT41.BTV.412353/Image/nbImages,/AwakeEventData/TT41.BTV.412353/Image,,1,"(1,)",int32
/AwakeEventData/TT41.BTV.412353/Image/nbPtsInSet1,/AwakeEventData/TT41.BTV.412353/Image,,400,"(1,)",int32
/AwakeEventData/TT41.BTV.412353/Image/nbPtsInSet2,/AwakeEventData/TT41.BTV.412353/Image,,300,"(1,)",int32
/AwakeEventData/TT41.BTV.412353/Image/observables,/AwakeEventData/TT41.BTV.412353/Image,,0,"(1,)",int32
/AwakeEventData/TT41.BTV.412353/Image/planeSet1,/AwakeEventData/TT41.BTV.412353/Image,,1,"(1,)",int32
/AwakeEventData/TT41.BTV.412353/Image/planeSet2,/AwakeEventData/TT41.BTV.412353/Image,,2,"(1,)",int32
/AwakeEventData/TT41.BTV.412353/Image/positionSet1,/AwakeEventData/TT41.BTV.412353/Image,,4.230022495036249,"(1,)",float64
/AwakeEventData/TT41.BTV.412353/Image/positionSet2,/AwakeEventData/TT41.BTV.412353/Image,,-1.2614435598022449,"(1,)",float64
/AwakeEventData/TT41.BTV.412353/Image/propType,/AwakeEventData/TT41.BTV.412353/Image,,5,"(1,)",int32
/AwakeEventData/TT41.BTV.412353/Image/saturationThreshold,/AwakeEventData/TT41.BTV.412353/Image,,0,"(1,)",int16
/AwakeEventData/TT41.BTV.412353/Image/screenSelect,/AwakeEventData/TT41.BTV.412353/Image,,0,"(1,)",int32
/AwakeEventData/TT41.BTV.412353/Image/screenSelect_max,/AwakeEventData/TT41.BTV.412353/Image,,3,"(1,)",int32
/AwakeEventData/TT41.BTV.412353/Image/screenSelect_min,/AwakeEventData/TT41.BTV.412353/Image,,-1,"(1,)",int32
/AwakeEventData/TT41.BTV.412353/Image/secondLamp,/AwakeEventData/TT41.BTV.412353/Image,,0,"(1,)",int16
/AwakeEventData/TT41.BTV.412353/Image/secondLamp_max,/AwakeEventData/TT41.BTV.412353/Image,,1000,"(1,)",int16
/AwakeEventData/TT41.BTV.412353/Image/secondLamp_min,/AwakeEventData/TT41.BTV.412353/Image,,0,"(1,)",int16
/AwakeEventData/TT41.BTV.412353/Image/sigmaSet1,/AwakeEventData/TT41.BTV.412353/Image,,0.07845919389702373,"(1,)",float64
/AwakeEventData/TT41.BTV.412353/Image/sigmaSet2,/AwakeEventData/TT41.BTV.412353/Image,,0.04494891524355061,"(1,)",float64
/AwakeEventData/TT41.BTV.412353/Image/superCycleNb,/AwakeEventData/TT41.BTV.412353/Image,,15,"(1,)",int32
/AwakeEventData/TT41.BTV.412353/Image/userImageSelectionNumber,/AwakeEventData/TT41.BTV.412353/Image,,1,"(1,)",int16
/AwakeEventData/TT41.BTV.412353/Image/videoGain,/AwakeEventData/TT41.BTV.412353/Image,,0,"(1,)",int32
/AwakeEventData/TT41.BTV.412426/Acquisition/acqCounter,/AwakeEventData/TT41.BTV.412426/Acquisition,,12576,"(1,)",int32
/AwakeEventData/TT41.BTV.412426/Acquisition/acqDesc,/AwakeEventData/TT41.BTV.412426/Acquisition,,RTT ACQ,"(1,)",|S7
/AwakeEventData/TT41.BTV.412426/Acquisition/acqMsg,/AwakeEventData/TT41.BTV.412426/Acquisition,,OK,"(1,)",|S2
/AwakeEventData/TT41.BTV.412426/Acquisition/acqState,/AwakeEventData/TT41.BTV.412426/Acquisition,,0,"(1,)",int32
/AwakeEventData/TT41.BTV.412426/Acquisition/acqTime,/AwakeEventData/TT41.BTV.412426/Acquisition,,2018/11/09 14:25:09.255197,"(1,)",|S26
/AwakeEventData/TT41.BTV.412426/Acquisition/acqTimeInCycle,/AwakeEventData/TT41.BTV.412426/Acquisition,,5519.0,"(1,)",float64
/AwakeEventData/TT41.BTV.412426/Acquisition/amplitudeSet1,/AwakeEventData/TT41.BTV.412426/Acquisition,,-2408139.8138699047,"(1,)",float64
/AwakeEventData/TT41.BTV.412426/Acquisition/amplitudeSet2,/AwakeEventData/TT41.BTV.412426/Acquisition,,1458675.7791181256,"(1,)",float64
/AwakeEventData/TT41.BTV.412426/Acquisition/beamID,/AwakeEventData/TT41.BTV.412426/Acquisition,,42716,"(1,)",int32
/AwakeEventData/TT41.BTV.412426/Acquisition/cameraOffset,/AwakeEventData/TT41.BTV.412426/Acquisition,,0,"(1,)",int16
/AwakeEventData/TT41.BTV.412426/Acquisition/cameraOffset_max,/AwakeEventData/TT41.BTV.412426/Acquisition,,2000,"(1,)",int16
/AwakeEventData/TT41.BTV.412426/Acquisition/cameraOffset_min,/AwakeEventData/TT41.BTV.412426/Acquisition,,-2000,"(1,)",int16
/AwakeEventData/TT41.BTV.412426/Acquisition/cameraSwitch,/AwakeEventData/TT41.BTV.412426/Acquisition,,3,"(1,)",int32
/AwakeEventData/TT41.BTV.412426/Acquisition/cameraZoom,/AwakeEventData/TT41.BTV.412426/Acquisition,,0,"(1,)",int32
/AwakeEventData/TT41.BTV.412426/Acquisition/cycleTime,/AwakeEventData/TT41.BTV.412426/Acquisition,,1970/01/01 00:00:00.000000,"(1,)",|S26
/AwakeEventData/TT41.BTV.412426/Acquisition/descSet1,/AwakeEventData/TT41.BTV.412426/Acquisition,,Horizontal projection,"(1,)",|S21
/AwakeEventData/TT41.BTV.412426/Acquisition/descSet2,/AwakeEventData/TT41.BTV.412426/Acquisition,,Vertical projection,"(1,)",|S19
/AwakeEventData/TT41.BTV.412426/Acquisition/deviceName,/AwakeEventData/TT41.BTV.412426/Acquisition,,TT41.BTV.412426,"(1,)",|S15
/AwakeEventData/TT41.BTV.412426/Acquisition/filterSelect,/AwakeEventData/TT41.BTV.412426/Acquisition,,0,"(1,)",int32
/AwakeEventData/TT41.BTV.412426/Acquisition/filterSelect_max,/AwakeEventData/TT41.BTV.412426/Acquisition,,3,"(1,)",int32
/AwakeEventData/TT41.BTV.412426/Acquisition/filterSelect_min,/AwakeEventData/TT41.BTV.412426/Acquisition,,-1,"(1,)",int32
/AwakeEventData/TT41.BTV.412426/Acquisition/firstLamp,/AwakeEventData/TT41.BTV.412426/Acquisition,,0,"(1,)",int16
/AwakeEventData/TT41.BTV.412426/Acquisition/firstLamp_max,/AwakeEventData/TT41.BTV.412426/Acquisition,,1000,"(1,)",int16
/AwakeEventData/TT41.BTV.412426/Acquisition/firstLamp_min,/AwakeEventData/TT41.BTV.412426/Acquisition,,0,"(1,)",int16
/AwakeEventData/TT41.BTV.412426/Acquisition/mire,/AwakeEventData/TT41.BTV.412426/Acquisition,,0,"(1,)",int32
/AwakeEventData/TT41.BTV.412426/Acquisition/nbAcq,/AwakeEventData/TT41.BTV.412426/Acquisition,,1,"(1,)",int32
/AwakeEventData/TT41.BTV.412426/Acquisition/nbDataSets,/AwakeEventData/TT41.BTV.412426/Acquisition,,2,"(1,)",int32
/AwakeEventData/TT41.BTV.412426/Acquisition/nbGates,/AwakeEventData/TT41.BTV.412426/Acquisition,,1,"(1,)",int32
/AwakeEventData/TT41.BTV.412426/Acquisition/nbPtsPerProjInSet1,/AwakeEventData/TT41.BTV.412426/Acquisition,,400,"(1,)",int32
/AwakeEventData/TT41.BTV.412426/Acquisition/nbPtsPerProjInSet2,/AwakeEventData/TT41.BTV.412426/Acquisition,,300,"(1,)",int32
/AwakeEventData/TT41.BTV.412426/Acquisition/observables,/AwakeEventData/TT41.BTV.412426/Acquisition,,0,"(1,)",int32
/AwakeEventData/TT41.BTV.412426/Acquisition/offsetSet1,/AwakeEventData/TT41.BTV.412426/Acquisition,,[1124982.76175923],"(1, 1)",float64
/AwakeEventData/TT41.BTV.412426/Acquisition/offsetSet2,/AwakeEventData/TT41.BTV.412426/Acquisition,,[-1433004.05246383],"(1, 1)",float64
/AwakeEventData/TT41.BTV.412426/Acquisition/planeSet1,/AwakeEventData/TT41.BTV.412426/Acquisition,,1,"(1,)",int32
/AwakeEventData/TT41.BTV.412426/Acquisition/planeSet2,/AwakeEventData/TT41.BTV.412426/Acquisition,,2,"(1,)",int32
/AwakeEventData/TT41.BTV.412426/Acquisition/positionSet1,/AwakeEventData/TT41.BTV.412426/Acquisition,,-35.78020995886807,"(1,)",float64
/AwakeEventData/TT41.BTV.412426/Acquisition/positionSet2,/AwakeEventData/TT41.BTV.412426/Acquisition,,23.928389029080968,"(1,)",float64
/AwakeEventData/TT41.BTV.412426/Acquisition/propType,/AwakeEventData/TT41.BTV.412426/Acquisition,,2,"(1,)",int32
/AwakeEventData/TT41.BTV.412426/Acquisition/saturationThreshold,/AwakeEventData/TT41.BTV.412426/Acquisition,,0,"(1,)",int16
/AwakeEventData/TT41.BTV.412426/Acquisition/screenSelect,/AwakeEventData/TT41.BTV.412426/Acquisition,,1,"(1,)",int32
/AwakeEventData/TT41.BTV.412426/Acquisition/screenSelect_max,/AwakeEventData/TT41.BTV.412426/Acquisition,,3,"(1,)",int32
/AwakeEventData/TT41.BTV.412426/Acquisition/screenSelect_min,/AwakeEventData/TT41.BTV.412426/Acquisition,,-1,"(1,)",int32
/AwakeEventData/TT41.BTV.412426/Acquisition/secondLamp,/AwakeEventData/TT41.BTV.412426/Acquisition,,0,"(1,)",int16
/AwakeEventData/TT41.BTV.412426/Acquisition/secondLamp_max,/AwakeEventData/TT41.BTV.412426/Acquisition,,1000,"(1,)",int16
/AwakeEventData/TT41.BTV.412426/Acquisition/secondLamp_min,/AwakeEventData/TT41.BTV.412426/Acquisition,,0,"(1,)",int16
/AwakeEventData/TT41.BTV.412426/Acquisition/sigmaSet1,/AwakeEventData/TT41.BTV.412426/Acquisition,,8.406219585187477,"(1,)",float64
/AwakeEventData/TT41.BTV.412426/Acquisition/sigmaSet2,/AwakeEventData/TT41.BTV.412426/Acquisition,,221.53944950303136,"(1,)",float64
/AwakeEventData/TT41.BTV.412426/Acquisition/superCycleNb,/AwakeEventData/TT41.BTV.412426/Acquisition,,15,"(1,)",int32
/AwakeEventData/TT41.BTV.412426/Acquisition/tgSet1,/AwakeEventData/TT41.BTV.412426/Acquisition,,[0.],"(1, 1)",float64
/AwakeEventData/TT41.BTV.412426/Acquisition/tgSet2,/AwakeEventData/TT41.BTV.412426/Acquisition,,[0.],"(1, 1)",float64
/AwakeEventData/TT41.BTV.412426/Acquisition/userImageSelectionNumber,/AwakeEventData/TT41.BTV.412426/Acquisition,,1,"(1,)",int16
/AwakeEventData/TT41.BTV.412426/Acquisition/videoGain,/AwakeEventData/TT41.BTV.412426/Acquisition,,0,"(1,)",int32
/AwakeEventData/TT41.BTV.412426/Image/acqCounter,/AwakeEventData/TT41.BTV.412426/Image,,12576,"(1,)",int32
/AwakeEventData/TT41.BTV.412426/Image/acqDesc,/AwakeEventData/TT41.BTV.412426/Image,,RTT ACQ,"(1,)",|S7
/AwakeEventData/TT41.BTV.412426/Image/acqMsg,/AwakeEventData/TT41.BTV.412426/Image,,OK,"(1,)",|S2
/AwakeEventData/TT41.BTV.412426/Image/acqState,/AwakeEventData/TT41.BTV.412426/Image,,0,"(1,)",int32
/AwakeEventData/TT41.BTV.412426/Image/acqTime,/AwakeEventData/TT41.BTV.412426/Image,,2018/11/09 14:25:09.255197,"(1,)",|S26
/AwakeEventData/TT41.BTV.412426/Image/acqTimeInCycle,/AwakeEventData/TT41.BTV.412426/Image,,5519.0,"(1,)",float64
/AwakeEventData/TT41.BTV.412426/Image/amplitudeSet1,/AwakeEventData/TT41.BTV.412426/Image,,-2408139.8138699047,"(1,)",float64
/AwakeEventData/TT41.BTV.412426/Image/amplitudeSet2,/AwakeEventData/TT41.BTV.412426/Image,,1458675.7791181256,"(1,)",float64
/AwakeEventData/TT41.BTV.412426/Image/beamID,/AwakeEventData/TT41.BTV.412426/Image,,42716,"(1,)",int32
/AwakeEventData/TT41.BTV.412426/Image/cameraOffset,/AwakeEventData/TT41.BTV.412426/Image,,0,"(1,)",int16
/AwakeEventData/TT41.BTV.412426/Image/cameraOffset_max,/AwakeEventData/TT41.BTV.412426/Image,,2000,"(1,)",int16
/AwakeEventData/TT41.BTV.412426/Image/cameraOffset_min,/AwakeEventData/TT41.BTV.412426/Image,,-2000,"(1,)",int16
/AwakeEventData/TT41.BTV.412426/Image/cameraSwitch,/AwakeEventData/TT41.BTV.412426/Image,,3,"(1,)",int32
/AwakeEventData/TT41.BTV.412426/Image/cameraZoom,/AwakeEventData/TT41.BTV.412426/Image,,0,"(1,)",int32
/AwakeEventData/TT41.BTV.412426/Image/cycleTime,/AwakeEventData/TT41.BTV.412426/Image,,1970/01/01 00:00:00.000000,"(1,)",|S26
/AwakeEventData/TT41.BTV.412426/Image/descSet1,/AwakeEventData/TT41.BTV.412426/Image,,Horizontal projection,"(1,)",|S21
/AwakeEventData/TT41.BTV.412426/Image/descSet2,/AwakeEventData/TT41.BTV.412426/Image,,Vertical projection,"(1,)",|S19
/AwakeEventData/TT41.BTV.412426/Image/deviceName,/AwakeEventData/TT41.BTV.412426/Image,,TT41.BTV.412426,"(1,)",|S15
/AwakeEventData/TT41.BTV.412426/Image/filterSelect,/AwakeEventData/TT41.BTV.412426/Image,,0,"(1,)",int32
/AwakeEventData/TT41.BTV.412426/Image/filterSelect_max,/AwakeEventData/TT41.BTV.412426/Image,,3,"(1,)",int32
/AwakeEventData/TT41.BTV.412426/Image/filterSelect_min,/AwakeEventData/TT41.BTV.412426/Image,,-1,"(1,)",int32
/AwakeEventData/TT41.BTV.412426/Image/firstLamp,/AwakeEventData/TT41.BTV.412426/Image,,0,"(1,)",int16
/AwakeEventData/TT41.BTV.412426/Image/firstLamp_max,/AwakeEventData/TT41.BTV.412426/Image,,1000,"(1,)",int16
/AwakeEventData/TT41.BTV.412426/Image/firstLamp_min,/AwakeEventData/TT41.BTV.412426/Image,,0,"(1,)",int16
/AwakeEventData/TT41.BTV.412426/Image/imagePositionSet1_unit,/AwakeEventData/TT41.BTV.412426/Image,,mm,"(1,)",|S2
/AwakeEventData/TT41.BTV.412426/Image/imagePositionSet2_unit,/AwakeEventData/TT41.BTV.412426/Image,,mm,"(1,)",|S2
/AwakeEventData/TT41.BTV.412426/Image/mire,/AwakeEventData/TT41.BTV.412426/Image,,0,"(1,)",int32
/AwakeEventData/TT41.BTV.412426/Image/nbAcq,/AwakeEventData/TT41.BTV.412426/Image,,1,"(1,)",int32
/AwakeEventData/TT41.BTV.412426/Image/nbDataSets,/AwakeEventData/TT41.BTV.412426/Image,,2,"(1,)",int32
/AwakeEventData/TT41.BTV.412426/Image/nbImages,/AwakeEventData/TT41.BTV.412426/Image,,1,"(1,)",int32
/AwakeEventData/TT41.BTV.412426/Image/nbPtsInSet1,/AwakeEventData/TT41.BTV.412426/Image,,400,"(1,)",int32
/AwakeEventData/TT41.BTV.412426/Image/nbPtsInSet2,/AwakeEventData/TT41.BTV.412426/Image,,300,"(1,)",int32
/AwakeEventData/TT41.BTV.412426/Image/observables,/AwakeEventData/TT41.BTV.412426/Image,,0,"(1,)",int32
/AwakeEventData/TT41.BTV.412426/Image/planeSet1,/AwakeEventData/TT41.BTV.412426/Image,,1,"(1,)",int32
/AwakeEventData/TT41.BTV.412426/Image/planeSet2,/AwakeEventData/TT41.BTV.412426/Image,,2,"(1,)",int32
/AwakeEventData/TT41.BTV.412426/Image/positionSet1,/AwakeEventData/TT41.BTV.412426/Image,,-35.78020995886807,"(1,)",float64
/AwakeEventData/TT41.BTV.412426/Image/positionSet2,/AwakeEventData/TT41.BTV.412426/Image,,23.928389029080968,"(1,)",float64
/AwakeEventData/TT41.BTV.412426/Image/propType,/AwakeEventData/TT41.BTV.412426/Image,,5,"(1,)",int32
/AwakeEventData/TT41.BTV.412426/Image/saturationThreshold,/AwakeEventData/TT41.BTV.412426/Image,,0,"(1,)",int16
/AwakeEventData/TT41.BTV.412426/Image/screenSelect,/AwakeEventData/TT41.BTV.412426/Image,,1,"(1,)",int32
/AwakeEventData/TT41.BTV.412426/Image/screenSelect_max,/AwakeEventData/TT41.BTV.412426/Image,,3,"(1,)",int32
/AwakeEventData/TT41.BTV.412426/Image/screenSelect_min,/AwakeEventData/TT41.BTV.412426/Image,,-1,"(1,)",int32
/AwakeEventData/TT41.BTV.412426/Image/secondLamp,/AwakeEventData/TT41.BTV.412426/Image,,0,"(1,)",int16
/AwakeEventData/TT41.BTV.412426/Image/secondLamp_max,/AwakeEventData/TT41.BTV.412426/Image,,1000,"(1,)",int16
/AwakeEventData/TT41.BTV.412426/Image/secondLamp_min,/AwakeEventData/TT41.BTV.412426/Image,,0,"(1,)",int16
/AwakeEventData/TT41.BTV.412426/Image/sigmaSet1,/AwakeEventData/TT41.BTV.412426/Image,,8.406219585187477,"(1,)",float64
/AwakeEventData/TT41.BTV.412426/Image/sigmaSet2,/AwakeEventData/TT41.BTV.412426/Image,,221.53944950303136,"(1,)",float64
/AwakeEventData/TT41.BTV.412426/Image/superCycleNb,/AwakeEventData/TT41.BTV.412426/Image,,15,"(1,)",int32
/AwakeEventData/TT41.BTV.412426/Image/userImageSelectionNumber,/AwakeEventData/TT41.BTV.412426/Image,,1,"(1,)",int16
/AwakeEventData/TT41.BTV.412426/Image/videoGain,/AwakeEventData/TT41.BTV.412426/Image,,0,"(1,)",int32
/AwakeEventData/XUCL-SPECTRO/BinningSetting/hbin,/AwakeEventData/XUCL-SPECTRO/BinningSetting,,1,"(1,)",int32
/AwakeEventData/XUCL-SPECTRO/BinningSetting/hend,/AwakeEventData/XUCL-SPECTRO/BinningSetting,,2048,"(1,)",int32
/AwakeEventData/XUCL-SPECTRO/BinningSetting/hstart,/AwakeEventData/XUCL-SPECTRO/BinningSetting,,1,"(1,)",int32
/AwakeEventData/XUCL-SPECTRO/BinningSetting/readMode,/AwakeEventData/XUCL-SPECTRO/BinningSetting,,4,"(1,)",int32
/AwakeEventData/XUCL-SPECTRO/BinningSetting/vbin,/AwakeEventData/XUCL-SPECTRO/BinningSetting,,1,"(1,)",int32
/AwakeEventData/XUCL-SPECTRO/BinningSetting/vend,/AwakeEventData/XUCL-SPECTRO/BinningSetting,,512,"(1,)",int32
/AwakeEventData/XUCL-SPECTRO/BinningSetting/vstart,/AwakeEventData/XUCL-SPECTRO/BinningSetting,,1,"(1,)",int32
/AwakeEventData/XUCL-SPECTRO/CameraSettings/ddgGateDelay,/AwakeEventData/XUCL-SPECTRO/CameraSettings,,101200000000,"(1,)",int64
/AwakeEventData/XUCL-SPECTRO/CameraSettings/ddgGateDelay_max,/AwakeEventData/XUCL-SPECTRO/CameraSettings,,32768000000000000,"(1,)",int64
/AwakeEventData/XUCL-SPECTRO/CameraSettings/ddgGateDelay_min,/AwakeEventData/XUCL-SPECTRO/CameraSettings,,0,"(1,)",int64
/AwakeEventData/XUCL-SPECTRO/CameraSettings/ddgGateWidth,/AwakeEventData/XUCL-SPECTRO/CameraSettings,,500000000,"(1,)",int64
/AwakeEventData/XUCL-SPECTRO/CameraSettings/ddgGateWidth_max,/AwakeEventData/XUCL-SPECTRO/CameraSettings,,32768000000000000,"(1,)",int64
/AwakeEventData/XUCL-SPECTRO/CameraSettings/ddgGateWidth_min,/AwakeEventData/XUCL-SPECTRO/CameraSettings,,0,"(1,)",int64
/AwakeEventData/XUCL-SPECTRO/CameraSettings/exposureTime,/AwakeEventData/XUCL-SPECTRO/CameraSettings,,0.1017,"(1,)",float32
/AwakeEventData/XUCL-SPECTRO/CameraSettings/mcpGain,/AwakeEventData/XUCL-SPECTRO/CameraSettings,,3000,"(1,)",int32
/AwakeEventData/XUCL-SPECTRO/CameraSettings/mcpGain_max,/AwakeEventData/XUCL-SPECTRO/CameraSettings,,4095,"(1,)",int32
/AwakeEventData/XUCL-SPECTRO/CameraSettings/mcpGain_min,/AwakeEventData/XUCL-SPECTRO/CameraSettings,,0,"(1,)",int32
/AwakeEventData/XUCL-SPECTRO/CameraSettings/preampGainIndex,/AwakeEventData/XUCL-SPECTRO/CameraSettings,,0,"(1,)",int32
/AwakeEventData/XUCL-SPECTRO/CameraSettings/preampGainIndex_max,/AwakeEventData/XUCL-SPECTRO/CameraSettings,,2,"(1,)",int32
/AwakeEventData/XUCL-SPECTRO/CameraSettings/preampGainIndex_min,/AwakeEventData/XUCL-SPECTRO/CameraSettings,,0,"(1,)",int32
/AwakeEventData/XUCL-SPECTRO/CameraSettings/targetShutDownTemperature,/AwakeEventData/XUCL-SPECTRO/CameraSettings,,5,"(1,)",int32
/AwakeEventData/XUCL-SPECTRO/CameraSettings/targetShutDownTemperature_max,/AwakeEventData/XUCL-SPECTRO/CameraSettings,,10,"(1,)",int32
/AwakeEventData/XUCL-SPECTRO/CameraSettings/targetShutDownTemperature_min,/AwakeEventData/XUCL-SPECTRO/CameraSettings,,0,"(1,)",int32
/AwakeEventData/XUCL-SPECTRO/CameraSettings/targetTemperature,/AwakeEventData/XUCL-SPECTRO/CameraSettings,,-30,"(1,)",int32
/AwakeEventData/XUCL-SPECTRO/CameraSettings/targetTemperature_max,/AwakeEventData/XUCL-SPECTRO/CameraSettings,,50,"(1,)",int32
/AwakeEventData/XUCL-SPECTRO/CameraSettings/targetTemperature_min,/AwakeEventData/XUCL-SPECTRO/CameraSettings,,-50,"(1,)",int32
/AwakeEventData/XUCL-SPECTRO/CameraSettings/triggerEdge,/AwakeEventData/XUCL-SPECTRO/CameraSettings,,0,"(1,)",int32
/AwakeEventData/XUCL-SPECTRO/CameraSettings/triggerThreshold,/AwakeEventData/XUCL-SPECTRO/CameraSettings,,1.099606,"(1,)",float32
/AwakeEventData/XUCL-SPECTRO/ImageAcq/imageHeight,/AwakeEventData/XUCL-SPECTRO/ImageAcq,,512,"(1,)",int64
/AwakeEventData/XUCL-SPECTRO/ImageAcq/imageSize,/AwakeEventData/XUCL-SPECTRO/ImageAcq,,1048576,"(1,)",int64
/AwakeEventData/XUCL-SPECTRO/ImageAcq/imageWidth,/AwakeEventData/XUCL-SPECTRO/ImageAcq,,2048,"(1,)",int64
/AwakeEventData/TT41.BPM.412343/Acquisition/spsExtractionIndex,/AwakeEventData/TT41.BPM.412343/Acquisition,,-1,"(1,)",int32
/AwakeEventData/TT41.BPM.412345/Acquisition/spsExtractionIndex,/AwakeEventData/TT41.BPM.412345/Acquisition,,-1,"(1,)",int32
/AwakeEventData/TT41.BPM.412347/Acquisition/spsExtractionIndex,/AwakeEventData/TT41.BPM.412347/Acquisition,,-1,"(1,)",int32
/AwakeEventData/TT41.BPM.412349/Acquisition/spsExtractionIndex,/AwakeEventData/TT41.BPM.412349/Acquisition,,-1,"(1,)",int32
/AwakeEventData/TT41.BPM.412349_HF/Acquisition/spsExtractionIndex,/AwakeEventData/TT41.BPM.412349_HF/Acquisition,,-1,"(1,)",int32
/AwakeEventData/TT41.BPM.412351/Acquisition/spsExtractionIndex,/AwakeEventData/TT41.BPM.412351/Acquisition,,-1,"(1,)",int32
/AwakeEventData/TT41.BPM.412351_HF/Acquisition/spsExtractionIndex,/AwakeEventData/TT41.BPM.412351_HF/Acquisition,,-1,"(1,)",int32
/AwakeEventData/TT43.BPM.430010/Acquisition/spsExtractionIndex,/AwakeEventData/TT43.BPM.430010/Acquisition,,-1,"(1,)",int32
/AwakeEventData/TT43.BPM.430028/Acquisition/spsExtractionIndex,/AwakeEventData/TT43.BPM.430028/Acquisition,,-1,"(1,)",int32
/AwakeEventData/TT43.BPM.430039/Acquisition/spsExtractionIndex,/AwakeEventData/TT43.BPM.430039/Acquisition,,-1,"(1,)",int32
/AwakeEventData/TT43.BPM.430103/Acquisition/spsExtractionIndex,/AwakeEventData/TT43.BPM.430103/Acquisition,,-1,"(1,)",int32
/AwakeEventData/TT43.BPM.430129/Acquisition/spsExtractionIndex,/AwakeEventData/TT43.BPM.430129/Acquisition,,-1,"(1,)",int32
/AwakeEventData/TT43.BPM.430203/Acquisition/spsExtractionIndex,/AwakeEventData/TT43.BPM.430203/Acquisition,,-1,"(1,)",int32
/AwakeEventData/TT43.BPM.430308/Acquisition/spsExtractionIndex,/AwakeEventData/TT43.BPM.430308/Acquisition,,-1,"(1,)",int32
/AwakeEventData/RADMON.AWAKE-2/Acquisition/cumBank1MBUCounts,/AwakeEventData/RADMON.AWAKE-2/Acquisition,,4746203,"(1,)",int32
/AwakeEventData/RADMON.AWAKE-3/Acquisition/cumTID1,/AwakeEventData/RADMON.AWAKE-3/Acquisition,,475.1683843028485,"(1,)",float64
/AwakeEventData/SR.SCOPE27.CH01/Acquisition/CTime,/AwakeEventData/SR.SCOPE27.CH01/Acquisition,,5549,"(1,)",int32
/AwakeEventData/SR.SCOPE28.CH01/Acquisition/CTime,/AwakeEventData/SR.SCOPE28.CH01/Acquisition,,5549,"(1,)",int32
/AwakeEventData/SR.SCOPE29.CH01/Acquisition/CTime,/AwakeEventData/SR.SCOPE29.CH01/Acquisition,,5549,"(1,)",int32
/AwakeEventData/SR.SCOPE30.CH01/Acquisition/CTime,/AwakeEventData/SR.SCOPE30.CH01/Acquisition,,5549,"(1,)",int32
/AwakeEventData/SR.SCOPE30.CH02/Acquisition/CTime,/AwakeEventData/SR.SCOPE30.CH02/Acquisition,,5549,"(1,)",int32
/AwakeEventData/Sps2AwakeSynchro/ProtonDelayNs/delay,/AwakeEventData/Sps2AwakeSynchro/ProtonDelayNs,"{'exception': 'False', 'acqStamp': '1541894899606000000', 'comment': ""b'SPS Laser delay'""}",1111685.85,"(1,)",float64
/AwakeEventData/VVGF.412400/StartCounterSt/value,/AwakeEventData/VVGF.412400/StartCounterSt,"{'exception': 'False', 'acqStamp': '1541894206226000000', 'comment': ""b'Fast valve counter'""}",3537,"(1,)",int32
/AwakeEventData/VVGF.412400/State/value,/AwakeEventData/VVGF.412400/State,"{'exception': 'False', 'acqStamp': '1541894202987000000', 'comment': ""b'Fast valve state'""}",3,"(1,)",int16
/AwakeEventData/VVGF.412423/StartCounterSt/value,/AwakeEventData/VVGF.412423/StartCounterSt,"{'exception': 'False', 'acqStamp': '1541894206228000000', 'comment': ""b'Fast valve counter'""}",3528,"(1,)",int32
/AwakeEventData/VVGF.412423/State/value,/AwakeEventData/VVGF.412423/State,"{'exception': 'False', 'acqStamp': '1541894205975000000', 'comment': ""b'Fast valve state'""}",3,"(1,)",int16
/AwakeEventData/awake.XAWAVS_DJ_PV236/StsReg01/value,/AwakeEventData/awake.XAWAVS_DJ_PV236/StsReg01,"{'exception': 'False', 'acqStamp': '1541894189476000000', 'comment': ""b'Downstream flask valve'""}",5,"(1,)",int32
/AwakeEventData/awake.XAWAVS_UJ_PV136/StsReg01/value,/AwakeEventData/awake.XAWAVS_UJ_PV136/StsReg01,"{'exception': 'False', 'acqStamp': '1541894189476000000', 'comment': ""b'Upstream flask valve'""}",5,"(1,)",int32
/AwakeEventData/BOVWA.06TCC4.AWAKECAM06/ExtractionImage/horProjAmp,/AwakeEventData/BOVWA.06TCC4.AWAKECAM06/ExtractionImage,,13.569999694824219,"(1,)",float64
/AwakeEventData/EMETER02/Acq/value,/AwakeEventData/EMETER02/Acq,,0.00029714,"(1,)",float32
/AwakeEventData/RADMON.AWAKE-1/Acquisition/cumBank1MBUCounts,/AwakeEventData/RADMON.AWAKE-1/Acquisition,,17256,"(1,)",int32
/AwakeEventData/RADMON.AWAKE-1/Acquisition/cumBank2HadronFluence,/AwakeEventData/RADMON.AWAKE-1/Acquisition,,149178853934.0,"(1,)",float64
/AwakeEventData/RADMON.AWAKE-1/Acquisition/cumBank2SEUCounts,/AwakeEventData/RADMON.AWAKE-1/Acquisition,,96358,"(1,)",int32
/AwakeEventData/RADMON.AWAKE-2/Acquisition/cumBank1HadronFluence,/AwakeEventData/RADMON.AWAKE-2/Acquisition,,1022947184177.3999,"(1,)",float64
/AwakeEventData/RADMON.AWAKE-2/Acquisition/cumBank1SEUCounts,/AwakeEventData/RADMON.AWAKE-2/Acquisition,,11361380,"(1,)",int32
/AwakeEventData/RADMON.AWAKE-2/Acquisition/cumBank2HadronFluence,/AwakeEventData/RADMON.AWAKE-2/Acquisition,,1662872643900.0,"(1,)",float64
/AwakeEventData/RADMON.AWAKE-2/Acquisition/cumBank2MBUCounts,/AwakeEventData/RADMON.AWAKE-2/Acquisition,,21647651,"(1,)",int32
/AwakeEventData/RADMON.AWAKE-2/Acquisition/cumBank2SEUCounts,/AwakeEventData/RADMON.AWAKE-2/Acquisition,,34315,"(1,)",int32
/AwakeEventData/RADMON.AWAKE-2/Acquisition/cumTID2,/AwakeEventData/RADMON.AWAKE-2/Acquisition,,527.897855454008,"(1,)",float64
/AwakeEventData/RADMON.AWAKE-3/Acquisition/cumBank1HadronFluence,/AwakeEventData/RADMON.AWAKE-3/Acquisition,,5356134738.24,"(1,)",float64
/AwakeEventData/RADMON.AWAKE-3/Acquisition/cumBank1MBUCounts,/AwakeEventData/RADMON.AWAKE-3/Acquisition,,2032,"(1,)",int32
/AwakeEventData/RADMON.AWAKE-3/Acquisition/cumBank1SEUCounts,/AwakeEventData/RADMON.AWAKE-3/Acquisition,,59488,"(1,)",int32
/AwakeEventData/RADMON.AWAKE-3/Acquisition/cumBank2HadronFluence,/AwakeEventData/RADMON.AWAKE-3/Acquisition,,24694907523.0,"(1,)",float64
/AwakeEventData/RADMON.AWAKE-3/Acquisition/cumBank2MBUCounts,/AwakeEventData/RADMON.AWAKE-3/Acquisition,,65226,"(1,)",int32
/AwakeEventData/RADMON.AWAKE-3/Acquisition/cumBank2SEUCounts,/AwakeEventData/RADMON.AWAKE-3/Acquisition,,15951,"(1,)",int32
/AwakeEventData/SPS.BCTDC.51895/Acquisition/dumpInt,/AwakeEventData/SPS.BCTDC.51895/Acquisition,,-0.4489163,"(1,)",float32
/AwakeEventData/TT41.BPM.412343/Acquisition/horAvePos,/AwakeEventData/TT41.BPM.412343/Acquisition,,nan,"(1,)",float32
/AwakeEventData/TT41.BPM.412343/Acquisition/sigmaAvePos,/AwakeEventData/TT41.BPM.412343/Acquisition,,0.0,"(1,)",float32
/AwakeEventData/TT41.BPM.412343/Acquisition/verAvePos,/AwakeEventData/TT41.BPM.412343/Acquisition,,nan,"(1,)",float32
/AwakeEventData/TT41.BPM.412345/Acquisition/horAvePos,/AwakeEventData/TT41.BPM.412345/Acquisition,,nan,"(1,)",float32
/AwakeEventData/TT41.BPM.412345/Acquisition/sigmaAvePos,/AwakeEventData/TT41.BPM.412345/Acquisition,,0.0,"(1,)",float32
/AwakeEventData/TT41.BPM.412345/Acquisition/verAvePos,/AwakeEventData/TT41.BPM.412345/Acquisition,,nan,"(1,)",float32
/AwakeEventData/TT41.BPM.412347/Acquisition/horAvePos,/AwakeEventData/TT41.BPM.412347/Acquisition,,nan,"(1,)",float32
/AwakeEventData/TT41.BPM.412347/Acquisition/sigmaAvePos,/AwakeEventData/TT41.BPM.412347/Acquisition,,0.0,"(1,)",float32
/AwakeEventData/TT41.BPM.412347/Acquisition/verAvePos,/AwakeEventData/TT41.BPM.412347/Acquisition,,nan,"(1,)",float32
/AwakeEventData/TT41.BPM.412349/Acquisition/horAvePos,/AwakeEventData/TT41.BPM.412349/Acquisition,,nan,"(1,)",float32
/AwakeEventData/TT41.BPM.412349/Acquisition/sigmaAvePos,/AwakeEventData/TT41.BPM.412349/Acquisition,,0.0,"(1,)",float32
/AwakeEventData/TT41.BPM.412349/Acquisition/verAvePos,/AwakeEventData/TT41.BPM.412349/Acquisition,,nan,"(1,)",float32
/AwakeEventData/TT41.BPM.412351/Acquisition/horAvePos,/AwakeEventData/TT41.BPM.412351/Acquisition,,nan,"(1,)",float32
/AwakeEventData/TT41.BPM.412351/Acquisition/sigmaAvePos,/AwakeEventData/TT41.BPM.412351/Acquisition,,0.0,"(1,)",float32
/AwakeEventData/TT41.BPM.412351/Acquisition/verAvePos,/AwakeEventData/TT41.BPM.412351/Acquisition,,nan,"(1,)",float32
/AwakeEventData/TT43.BPM.430010/Acquisition/horAvePos,/AwakeEventData/TT43.BPM.430010/Acquisition,,nan,"(1,)",float32
/AwakeEventData/TT43.BPM.430010/Acquisition/sigmaAvePos,/AwakeEventData/TT43.BPM.430010/Acquisition,,0.0,"(1,)",float32
/AwakeEventData/TT43.BPM.430010/Acquisition/verAvePos,/AwakeEventData/TT43.BPM.430010/Acquisition,,nan,"(1,)",float32
/AwakeEventData/TT43.BPM.430028/Acquisition/horAvePos,/AwakeEventData/TT43.BPM.430028/Acquisition,,nan,"(1,)",float32
/AwakeEventData/TT43.BPM.430028/Acquisition/sigmaAvePos,/AwakeEventData/TT43.BPM.430028/Acquisition,,0.0,"(1,)",float32
/AwakeEventData/TT43.BPM.430028/Acquisition/verAvePos,/AwakeEventData/TT43.BPM.430028/Acquisition,,nan,"(1,)",float32
/AwakeEventData/TT43.BPM.430039/Acquisition/horAvePos,/AwakeEventData/TT43.BPM.430039/Acquisition,,nan,"(1,)",float32
/AwakeEventData/TT43.BPM.430039/Acquisition/sigmaAvePos,/AwakeEventData/TT43.BPM.430039/Acquisition,,0.0,"(1,)",float32
/AwakeEventData/TT43.BPM.430039/Acquisition/verAvePos,/AwakeEventData/TT43.BPM.430039/Acquisition,,nan,"(1,)",float32
/AwakeEventData/TT43.BPM.430103/Acquisition/horAvePos,/AwakeEventData/TT43.BPM.430103/Acquisition,,nan,"(1,)",float32
/AwakeEventData/TT43.BPM.430103/Acquisition/sigmaAvePos,/AwakeEventData/TT43.BPM.430103/Acquisition,,0.0,"(1,)",float32
/AwakeEventData/TT43.BPM.430103/Acquisition/verAvePos,/AwakeEventData/TT43.BPM.430103/Acquisition,,nan,"(1,)",float32
/AwakeEventData/TT43.BPM.430129/Acquisition/horAvePos,/AwakeEventData/TT43.BPM.430129/Acquisition,,nan,"(1,)",float32
/AwakeEventData/TT43.BPM.430129/Acquisition/sigmaAvePos,/AwakeEventData/TT43.BPM.430129/Acquisition,,0.0,"(1,)",float32
/AwakeEventData/TT43.BPM.430129/Acquisition/verAvePos,/AwakeEventData/TT43.BPM.430129/Acquisition,,nan,"(1,)",float32
/AwakeEventData/TT43.BPM.430203/Acquisition/horAvePos,/AwakeEventData/TT43.BPM.430203/Acquisition,,nan,"(1,)",float32
/AwakeEventData/TT43.BPM.430203/Acquisition/sigmaAvePos,/AwakeEventData/TT43.BPM.430203/Acquisition,,0.0,"(1,)",float32
/AwakeEventData/TT43.BPM.430203/Acquisition/verAvePos,/AwakeEventData/TT43.BPM.430203/Acquisition,,nan,"(1,)",float32
/AwakeEventData/TT43.BPM.430308/Acquisition/horAvePos,/AwakeEventData/TT43.BPM.430308/Acquisition,,nan,"(1,)",float32
/AwakeEventData/TT43.BPM.430308/Acquisition/sigmaAvePos,/AwakeEventData/TT43.BPM.430308/Acquisition,,0.0,"(1,)",float32
/AwakeEventData/TT43.BPM.430308/Acquisition/verAvePos,/AwakeEventData/TT43.BPM.430308/Acquisition,,nan,"(1,)",float32
/AwakeEventData/VGP.412400/PR/value,/AwakeEventData/VGP.412400/PR,"{'exception': 'False', 'acqStamp': '1541900177015000000', 'comment': ""b'Pressure gauge'""}",1.3e-06,"(1,)",float32
/AwakeEventData/RADMON.AWAKE-1/Acquisition/cumBank1HadronFluence,/AwakeEventData/RADMON.AWAKE-1/Acquisition,,28882052602.17,"(1,)",float64
/AwakeEventData/RADMON.AWAKE-1/Acquisition/cumBank1SEUCounts,/AwakeEventData/RADMON.AWAKE-1/Acquisition,,320779,"(1,)",int32
/AwakeEventData/RADMON.AWAKE-1/Acquisition/cumBank2MBUCounts,/AwakeEventData/RADMON.AWAKE-1/Acquisition,,375223,"(1,)",int32
/AwakeEventData/SPS.BCTDC.41435/Acquisition/dumpInt,/AwakeEventData/SPS.BCTDC.41435/Acquisition,,5.4050007,"(1,)",float32
/AwakeEventData/VGP.412423/PR/value,/AwakeEventData/VGP.412423/PR,"{'exception': 'False', 'acqStamp': '1541902557380000000', 'comment': ""b'Pressure gauge'""}",7.1e-05,"(1,)",float32
/AwakeEventData/RADMON.AWAKE-1/Acquisition/cumNeutronFluence,/AwakeEventData/RADMON.AWAKE-1/Acquisition,,5414471125882.243,"(1,)",float64
